,Unnamed: 0,from_speciality,to_Facility,patient_count,transaction_count,average_day_wait,std_day_wait
0,0,Emergency Medicine,SONORA COMMUNITY HOSPITAL,53,54,45.333,48.711000000000006
1,1,Ophthalmology,SONORA COMMUNITY HOSPITAL,81,99,44.869,52.187
2,2,"Psychologist, Clinical",SONORA COMMUNITY HOSPITAL,23,217,0.0,0.0
3,3,"Psychologist, Clinical",SONORA COMMUNITY HOSPITAL,23,217,0.0,0.0
4,4,"Nurse Practitioner, Family",SONORA COMMUNITY HOSPITAL,52,54,38.556,52.071000000000005
5,5,Emergency Medicine,SONORA COMMUNITY HOSPITAL,51,57,29.474,34.56
6,6,Internal Medicine,SONORA COMMUNITY HOSPITAL,36,91,22.230999999999998,23.476
7,7,"Internal Medicine, Critical Care Medicine",SONORA COMMUNITY HOSPITAL,47,79,33.519,34.745
8,8,"Internal Medicine, Critical Care Medicine",SONORA COMMUNITY HOSPITAL,47,79,33.519,34.745
9,9,"Nurse Practitioner, Family",SONORA COMMUNITY HOSPITAL,116,233,6.223,20.379
10,10,Emergency Medicine,SONORA COMMUNITY HOSPITAL,47,53,29.906,41.245
11,11,Emergency Medicine,SONORA COMMUNITY HOSPITAL,55,69,30.029,38.092
12,12,Emergency Medicine,SONORA COMMUNITY HOSPITAL,58,67,32.925,41.903999999999996
13,13,Otolaryngology,SONORA COMMUNITY HOSPITAL,33,64,30.796999999999997,38.055
14,14,Internal Medicine,SONORA COMMUNITY HOSPITAL,22,78,12.167,14.635
15,15,Orthopedic Surgery,SONORA COMMUNITY HOSPITAL,30,51,28.0,43.172
16,16,Orthopedic Surgery,SONORA COMMUNITY HOSPITAL,30,51,28.0,43.172
17,17,Emergency Medicine,SONORA COMMUNITY HOSPITAL,61,62,38.097,41.736999999999995
18,18,"Internal Medicine, Cardiovascular Disease",SONORA COMMUNITY HOSPITAL,77,112,33.277,47.485
19,19,"Internal Medicine, Cardiovascular Disease",SONORA COMMUNITY HOSPITAL,77,112,33.277,47.485
20,20,Family Medicine,SONORA COMMUNITY HOSPITAL,33,139,1.374,6.159
21,21,Dermatology,SONORA COMMUNITY HOSPITAL,46,82,22.354,28.813000000000002
22,22,Internal Medicine,SONORA COMMUNITY HOSPITAL,87,102,36.99,51.68
23,23,Internal Medicine,SONORA COMMUNITY HOSPITAL,79,101,33.119,40.546
24,24,Family Medicine,SONORA COMMUNITY HOSPITAL,21,74,0.0,0.0
25,25,Psychiatry,SONORA COMMUNITY HOSPITAL,27,75,22.627,23.281999999999996
26,26," Psychiatry & Neurology, Psychiatry",SONORA COMMUNITY HOSPITAL,27,75,22.627,23.281999999999996
27,27,"Radiology, Diagnostic Radiology",SONORA COMMUNITY HOSPITAL,251,329,30.680999999999997,36.872
28,28,"Internal Medicine, Endocrinology, Diabetes, & Metabolism",SONORA COMMUNITY HOSPITAL,61,132,23.174,29.584
29,29,"Internal Medicine, Endocrinology, Diabetes & Metabolism",SONORA COMMUNITY HOSPITAL,61,132,23.174,29.584
30,30,Emergency Medicine,SONORA COMMUNITY HOSPITAL,76,86,39.128,47.136
31,31,"Radiology, Diagnostic Radiology",SONORA COMMUNITY HOSPITAL,63,66,28.241999999999997,37.402
32,32,"Pathology, Cytopathology",SONORA COMMUNITY HOSPITAL,89,103,37.398,48.956
33,33,"Radiology, Diagnostic Radiology",SONORA COMMUNITY HOSPITAL,64,69,40.304,51.673
34,34,"Internal Medicine, Cardiovascular Disease",SONORA COMMUNITY HOSPITAL,58,71,37.324,46.191
35,35,"Internal Medicine, Cardiovascular Disease",SONORA COMMUNITY HOSPITAL,58,71,37.324,46.191
36,36,"Psychologist, Clinical",SONORA COMMUNITY HOSPITAL,28,130,0.0,0.0
37,37,"Psychologist, Clinical",SONORA COMMUNITY HOSPITAL,28,130,0.0,0.0
38,38,Otolaryngology,SONORA COMMUNITY HOSPITAL,47,97,20.186,33.405
39,39,Podiatrist,SONORA COMMUNITY HOSPITAL,53,103,7.369,14.811
40,40,Clinical Nurse Specialist,SONORA COMMUNITY HOSPITAL,24,108,16.648,27.044
41,41,Internal Medicine,SONORA COMMUNITY HOSPITAL,57,106,27.538,42.191
42,42,"Radiology, Diagnostic Radiology",SONORA COMMUNITY HOSPITAL,225,285,31.439,40.843
43,43,"Physician Assistant, Medical",SONORA COMMUNITY HOSPITAL,163,363,0.35,4.335
44,44,Ophthalmology,SONORA COMMUNITY HOSPITAL,46,71,39.69,56.312
45,45,Family Medicine,SONORA COMMUNITY HOSPITAL,151,653,1.093,6.359
46,46,"Nurse Practitioner, Primary Care",SONORA COMMUNITY HOSPITAL,103,231,0.861,4.621
47,47,"Nurse Practitioner, Family",SONORA COMMUNITY HOSPITAL,99,389,0.7609999999999999,5.523
48,48,Nurse Practitioner,SONORA COMMUNITY HOSPITAL,42,69,23.956999999999997,36.233000000000004
49,49,Physical Medicine & Rehabilitation,SONORA COMMUNITY HOSPITAL,52,80,42.713,57.263000000000005
50,50,Emergency Medicine,SONORA COMMUNITY HOSPITAL,56,62,30.581,37.94
51,51,Internal Medicine,SONORA COMMUNITY HOSPITAL,70,83,39.88,53.211999999999996
52,52,"Radiology, Diagnostic Radiology",SONORA COMMUNITY HOSPITAL,272,350,35.403,43.577
53,53,Emergency Medicine,SONORA COMMUNITY HOSPITAL,52,55,32.891,43.146
54,54,Emergency Medicine,SONORA COMMUNITY HOSPITAL,520,572,19.949,49.27
55,55,Emergency Medicine,SONORA COMMUNITY HOSPITAL,520,572,19.949,49.27
56,56,"Family Medicine, Adult Medicine",SONORA COMMUNITY HOSPITAL,61,89,35.989000000000004,39.596
57,57,"Family Medicine, Adult Medicine",SONORA COMMUNITY HOSPITAL,61,89,35.989000000000004,39.596
58,58,"Internal Medicine, Pulmonary Disease",SONORA COMMUNITY HOSPITAL,542,805,15.734000000000002,30.101
59,59,"Internal Medicine, Pulmonary Disease",SONORA COMMUNITY HOSPITAL,542,805,15.734000000000002,30.101
60,60,"Internal Medicine, Pulmonary Disease",SONORA COMMUNITY HOSPITAL,542,805,15.734000000000002,30.101
61,61,"Internal Medicine, Pulmonary Disease",SONORA COMMUNITY HOSPITAL,542,805,15.734000000000002,30.101
62,62,"Internal Medicine, Nephrology",SONORA COMMUNITY HOSPITAL,52,97,32.186,47.522
63,63,"Internal Medicine, Nephrology",SONORA COMMUNITY HOSPITAL,52,97,32.186,47.522
64,64,"Internal Medicine, Nephrology",SONORA COMMUNITY HOSPITAL,52,97,32.186,47.522
65,65,"Internal Medicine, Nephrology",SONORA COMMUNITY HOSPITAL,52,97,32.186,47.522
66,66,"Internal Medicine, Hematology & Oncology",SONORA COMMUNITY HOSPITAL,127,216,30.769000000000002,47.852
67,67,"Internal Medicine, Hematology & Oncology",SONORA COMMUNITY HOSPITAL,127,216,30.769000000000002,47.852
68,68,"Internal Medicine, Hematology & Oncology",SONORA COMMUNITY HOSPITAL,127,216,30.769000000000002,47.852
69,69,"Internal Medicine, Hematology & Oncology",SONORA COMMUNITY HOSPITAL,127,216,30.769000000000002,47.852
70,70,Hospitalist,SONORA COMMUNITY HOSPITAL,281,429,21.669,45.268
71,71,Hospitalist,SONORA COMMUNITY HOSPITAL,281,429,21.669,45.268
72,72,Neuromusculoskeletal Medicine & OMM,SONORA COMMUNITY HOSPITAL,64,85,33.918,41.443999999999996
73,73,Neuromusculoskeletal Medicine & OMM,SONORA COMMUNITY HOSPITAL,64,85,33.918,41.443999999999996
74,74,Physician Assistant,SONORA COMMUNITY HOSPITAL,191,198,30.323,59.766000000000005
75,75,Physician Assistant,SONORA COMMUNITY HOSPITAL,191,198,30.323,59.766000000000005
76,76,Internal Medicine,SONORA COMMUNITY HOSPITAL,63,89,35.101,63.4
77,77,Internal Medicine,SONORA COMMUNITY HOSPITAL,63,89,35.101,63.4
78,78,"Nurse Practitioner, Family",SONORA COMMUNITY HOSPITAL,321,339,46.138999999999996,69.12899999999999
79,79,"Nurse Practitioner, Family",SONORA COMMUNITY HOSPITAL,321,339,46.138999999999996,69.12899999999999
80,80,Emergency Medicine,SONORA COMMUNITY HOSPITAL,540,610,17.225,42.979
81,81,Emergency Medicine,SONORA COMMUNITY HOSPITAL,540,610,17.225,42.979
82,82,Internal Medicine,SONORA COMMUNITY HOSPITAL,222,324,9.923,21.704
83,83,Internal Medicine,SONORA COMMUNITY HOSPITAL,222,324,9.923,21.704
84,84,Internal Medicine,SONORA COMMUNITY HOSPITAL,179,260,10.35,23.208000000000002
85,85,Internal Medicine,SONORA COMMUNITY HOSPITAL,179,260,10.35,23.208000000000002
86,86,"Internal Medicine, Nephrology",SONORA COMMUNITY HOSPITAL,38,70,33.843,41.371
87,87,"Internal Medicine, Nephrology",SONORA COMMUNITY HOSPITAL,38,70,33.843,41.371
88,88,"Internal Medicine, Nephrology",SONORA COMMUNITY HOSPITAL,38,70,33.843,41.371
89,89,"Internal Medicine, Nephrology",SONORA COMMUNITY HOSPITAL,38,70,33.843,41.371
90,90,Orthopedic Surgery,SONORA COMMUNITY HOSPITAL,219,273,36.147,55.203
91,91,Orthopedic Surgery,SONORA COMMUNITY HOSPITAL,219,273,36.147,55.203
92,92,Orthopedic Surgery,SONORA COMMUNITY HOSPITAL,219,273,36.147,55.203
93,93,Orthopedic Surgery,SONORA COMMUNITY HOSPITAL,219,273,36.147,55.203
94,94,"Internal Medicine, Cardiovascular Disease",SONORA COMMUNITY HOSPITAL,44,61,22.82,34.611
95,95,"Internal Medicine, Cardiovascular Disease",SONORA COMMUNITY HOSPITAL,44,61,22.82,34.611
96,96,"Internal Medicine, Cardiovascular Disease",SONORA COMMUNITY HOSPITAL,44,61,22.82,34.611
97,97,"Internal Medicine, Cardiovascular Disease",SONORA COMMUNITY HOSPITAL,44,61,22.82,34.611
98,98,"Family Medicine, Adult Medicine",SONORA COMMUNITY HOSPITAL,165,241,26.29,37.605
99,99,"Family Medicine, Adult Medicine",SONORA COMMUNITY HOSPITAL,165,241,26.29,37.605
100,100,Internal Medicine,SONORA COMMUNITY HOSPITAL,305,576,26.195999999999998,38.357
101,101,Internal Medicine,SONORA COMMUNITY HOSPITAL,305,576,26.195999999999998,38.357
102,102,Internal Medicine,SONORA COMMUNITY HOSPITAL,290,572,25.486,38.949
103,103,Internal Medicine,SONORA COMMUNITY HOSPITAL,290,572,25.486,38.949
104,104,Family Medicine,SONORA COMMUNITY HOSPITAL,106,162,40.253,52.77
105,105,Family Medicine,SONORA COMMUNITY HOSPITAL,106,162,40.253,52.77
106,106,Family Medicine,SONORA COMMUNITY HOSPITAL,65,77,17.935,20.254
107,107,Family Medicine,SONORA COMMUNITY HOSPITAL,65,77,17.935,20.254
108,108,"Internal Medicine, Critical Care Medicine",SONORA COMMUNITY HOSPITAL,438,619,41.79600000000001,47.765
109,109,"Internal Medicine, Critical Care Medicine",SONORA COMMUNITY HOSPITAL,438,619,41.79600000000001,47.765
110,110,"Internal Medicine, Critical Care Medicine",SONORA COMMUNITY HOSPITAL,438,619,41.79600000000001,47.765
111,111,"Internal Medicine, Critical Care Medicine",SONORA COMMUNITY HOSPITAL,438,619,41.79600000000001,47.765
112,112,"Nurse Practitioner, Family",SONORA COMMUNITY HOSPITAL,83,107,45.813,53.663000000000004
113,113,"Nurse Practitioner, Family",SONORA COMMUNITY HOSPITAL,83,107,45.813,53.663000000000004
114,114,Urology,SONORA COMMUNITY HOSPITAL,558,794,46.615,59.70399999999999
115,115,Urology,SONORA COMMUNITY HOSPITAL,558,794,46.615,59.70399999999999
116,116,Chiropractor,SONORA COMMUNITY HOSPITAL,66,112,32.964,50.985
117,117,Chiropractor,SONORA COMMUNITY HOSPITAL,66,112,32.964,50.985
118,118,"Internal Medicine, Cardiovascular Disease",SONORA COMMUNITY HOSPITAL,42,52,28.673000000000002,33.409
119,119,"Internal Medicine, Cardiovascular Disease",SONORA COMMUNITY HOSPITAL,42,52,28.673000000000002,33.409
120,120,"Internal Medicine, Cardiovascular Disease",SONORA COMMUNITY HOSPITAL,42,52,28.673000000000002,33.409
121,121,"Internal Medicine, Cardiovascular Disease",SONORA COMMUNITY HOSPITAL,42,52,28.673000000000002,33.409
122,122,"Nurse Practitioner, Family",SONORA COMMUNITY HOSPITAL,104,127,41.496,49.233999999999995
123,123,"Nurse Practitioner, Family",SONORA COMMUNITY HOSPITAL,104,127,41.496,49.233999999999995
124,124,"Internal Medicine, Rheumatology",SONORA COMMUNITY HOSPITAL,52,92,36.413000000000004,33.744
125,125,"Internal Medicine, Rheumatology",SONORA COMMUNITY HOSPITAL,52,92,36.413000000000004,33.744
126,126,"Internal Medicine, Rheumatology",SONORA COMMUNITY HOSPITAL,52,92,36.413000000000004,33.744
127,127,"Internal Medicine, Rheumatology",SONORA COMMUNITY HOSPITAL,52,92,36.413000000000004,33.744
128,128,Emergency Medicine,SONORA COMMUNITY HOSPITAL,463,529,23.041999999999998,53.231
129,129,Emergency Medicine,SONORA COMMUNITY HOSPITAL,463,529,23.041999999999998,53.231
130,130,"Internal Medicine, Gastroenterology",SONORA COMMUNITY HOSPITAL,54,60,22.8,25.815
131,131,"Internal Medicine, Gastroenterology",SONORA COMMUNITY HOSPITAL,54,60,22.8,25.815
132,132,"Internal Medicine, Gastroenterology",SONORA COMMUNITY HOSPITAL,54,60,22.8,25.815
133,133,"Internal Medicine, Gastroenterology",SONORA COMMUNITY HOSPITAL,54,60,22.8,25.815
134,134,Orthopedic Surgery,SONORA COMMUNITY HOSPITAL,206,278,34.147,49.17
135,135,Orthopedic Surgery,SONORA COMMUNITY HOSPITAL,206,278,34.147,49.17
136,136,Orthopedic Surgery,SONORA COMMUNITY HOSPITAL,206,278,34.147,49.17
137,137,Orthopedic Surgery,SONORA COMMUNITY HOSPITAL,206,278,34.147,49.17
138,138,"Radiology, Diagnostic Radiology",SONORA COMMUNITY HOSPITAL,398,417,31.635,55.854
139,139,"Radiology, Diagnostic Radiology",SONORA COMMUNITY HOSPITAL,398,417,31.635,55.854
140,140,Emergency Medicine,SONORA COMMUNITY HOSPITAL,183,289,22.031,52.776
141,141,Emergency Medicine,SONORA COMMUNITY HOSPITAL,183,289,22.031,52.776
142,142,Internal Medicine,SONORA COMMUNITY HOSPITAL,134,214,38.145,49.211000000000006
143,143,Internal Medicine,SONORA COMMUNITY HOSPITAL,134,214,38.145,49.211000000000006
144,144,Ophthalmology,SONORA COMMUNITY HOSPITAL,96,122,49.492,58.501999999999995
145,145,Ophthalmology,SONORA COMMUNITY HOSPITAL,96,122,49.492,58.501999999999995
146,146,Emergency Medicine,SONORA COMMUNITY HOSPITAL,576,696,20.686999999999998,50.585
147,147,Emergency Medicine,SONORA COMMUNITY HOSPITAL,576,696,20.686999999999998,50.585
148,148,Emergency Medicine,SONORA COMMUNITY HOSPITAL,618,704,28.17,59.75
149,149,Emergency Medicine,SONORA COMMUNITY HOSPITAL,618,704,28.17,59.75
150,150,Otolaryngology,SONORA COMMUNITY HOSPITAL,294,403,46.483999999999995,58.14
151,151,Otolaryngology,SONORA COMMUNITY HOSPITAL,294,403,46.483999999999995,58.14
152,152,Internal Medicine,SONORA COMMUNITY HOSPITAL,252,368,20.872,50.372
153,153,Internal Medicine,SONORA COMMUNITY HOSPITAL,252,368,20.872,50.372
154,154,Emergency Medicine,SONORA COMMUNITY HOSPITAL,108,112,18.759,39.452
155,155,Emergency Medicine,SONORA COMMUNITY HOSPITAL,108,112,18.759,39.452
156,156,Internal Medicine,SONORA COMMUNITY HOSPITAL,155,257,38.330999999999996,51.922
157,157,Internal Medicine,SONORA COMMUNITY HOSPITAL,155,257,38.330999999999996,51.922
158,158,Hospitalist,SONORA COMMUNITY HOSPITAL,64,95,13.042,29.395
159,159,Hospitalist,SONORA COMMUNITY HOSPITAL,64,95,13.042,29.395
160,160,Surgery,SONORA COMMUNITY HOSPITAL,114,199,26.386999999999997,40.379
161,161,Surgery,SONORA COMMUNITY HOSPITAL,114,199,26.386999999999997,40.379
162,162,Family Medicine,SONORA COMMUNITY HOSPITAL,154,270,17.840999999999998,25.915
163,163,Family Medicine,SONORA COMMUNITY HOSPITAL,154,270,17.840999999999998,25.915
164,164,Emergency Medicine,SONORA COMMUNITY HOSPITAL,101,107,1.15,4.516
165,165,Emergency Medicine,SONORA COMMUNITY HOSPITAL,101,107,1.15,4.516
166,166,"Internal Medicine, Hematology & Oncology",SONORA COMMUNITY HOSPITAL,65,95,14.189,19.305999999999997
167,167,"Internal Medicine, Hematology & Oncology",SONORA COMMUNITY HOSPITAL,65,95,14.189,19.305999999999997
168,168,"Internal Medicine, Hematology & Oncology",SONORA COMMUNITY HOSPITAL,65,95,14.189,19.305999999999997
169,169,"Internal Medicine, Hematology & Oncology",SONORA COMMUNITY HOSPITAL,65,95,14.189,19.305999999999997
170,170,Physical Therapist,SONORA COMMUNITY HOSPITAL,40,69,35.623000000000005,55.203
171,171,Physical Therapist,SONORA COMMUNITY HOSPITAL,40,69,35.623000000000005,55.203
172,172,Surgery,SONORA COMMUNITY HOSPITAL,49,55,37.255,49.643
173,173,Surgery,SONORA COMMUNITY HOSPITAL,49,55,37.255,49.643
174,174,Internal Medicine,SONORA COMMUNITY HOSPITAL,243,458,21.74,33.231
175,175,Internal Medicine,SONORA COMMUNITY HOSPITAL,243,458,21.74,33.231
176,176,Orthopedic Surgery,SONORA COMMUNITY HOSPITAL,271,358,43.645,53.74100000000001
177,177,Orthopedic Surgery,SONORA COMMUNITY HOSPITAL,271,358,43.645,53.74100000000001
178,178,Orthopedic Surgery,SONORA COMMUNITY HOSPITAL,271,358,43.645,53.74100000000001
179,179,Orthopedic Surgery,SONORA COMMUNITY HOSPITAL,271,358,43.645,53.74100000000001
180,180,Emergency Medicine,SONORA COMMUNITY HOSPITAL,506,566,27.421999999999997,59.059
181,181,Emergency Medicine,SONORA COMMUNITY HOSPITAL,506,566,27.421999999999997,59.059
182,182,"Radiology, Radiation Oncology",SONORA COMMUNITY HOSPITAL,70,98,29.398000000000003,39.214
183,183,"Radiology, Radiation Oncology",SONORA COMMUNITY HOSPITAL,70,98,29.398000000000003,39.214
184,184,Orthopedic Surgery,SONORA COMMUNITY HOSPITAL,194,260,36.1,55.352
185,185,Orthopedic Surgery,SONORA COMMUNITY HOSPITAL,194,260,36.1,55.352
186,186,Orthopedic Surgery,SONORA COMMUNITY HOSPITAL,194,260,36.1,55.352
187,187,Orthopedic Surgery,SONORA COMMUNITY HOSPITAL,194,260,36.1,55.352
188,188,"Radiology, Diagnostic Radiology",SONORA COMMUNITY HOSPITAL,64,68,44.706,61.277
189,189,"Radiology, Diagnostic Radiology",SONORA COMMUNITY HOSPITAL,64,68,44.706,61.277
190,190,Internal Medicine,SONORA COMMUNITY HOSPITAL,60,75,36.613,45.955
191,191,Internal Medicine,SONORA COMMUNITY HOSPITAL,60,75,36.613,45.955
192,192,"Internal Medicine, Cardiovascular Disease",SONORA COMMUNITY HOSPITAL,2309,4854,0.5820000000000001,8.068999999999999
193,193,"Internal Medicine, Cardiovascular Disease",SONORA COMMUNITY HOSPITAL,2309,4854,0.5820000000000001,8.068999999999999
194,194,"Internal Medicine, Cardiovascular Disease",SONORA COMMUNITY HOSPITAL,2309,4854,0.5820000000000001,8.068999999999999
195,195,"Internal Medicine, Cardiovascular Disease",SONORA COMMUNITY HOSPITAL,2309,4854,0.5820000000000001,8.068999999999999
196,196,Family Medicine,SONORA COMMUNITY HOSPITAL,75,141,21.284000000000002,41.911
197,197,Family Medicine,SONORA COMMUNITY HOSPITAL,75,141,21.284000000000002,41.911
198,198,Internal Medicine,SONORA COMMUNITY HOSPITAL,144,224,0.098,1.14
199,199,Internal Medicine,SONORA COMMUNITY HOSPITAL,144,224,0.098,1.14
200,200,General Practice,SONORA COMMUNITY HOSPITAL,178,240,27.638,54.155
201,201,General Practice,SONORA COMMUNITY HOSPITAL,178,240,27.638,54.155
202,202,General Practice,SONORA COMMUNITY HOSPITAL,178,240,27.638,54.155
203,203,General Practice,SONORA COMMUNITY HOSPITAL,178,240,27.638,54.155
204,204,Family Medicine,SONORA COMMUNITY HOSPITAL,62,103,21.049,26.491999999999997
205,205,Family Medicine,SONORA COMMUNITY HOSPITAL,62,103,21.049,26.491999999999997
206,206,Internal Medicine,SONORA COMMUNITY HOSPITAL,141,160,21.406,48.659
207,207,Internal Medicine,SONORA COMMUNITY HOSPITAL,141,160,21.406,48.659
208,208,Orthopedic Surgery,SONORA COMMUNITY HOSPITAL,51,73,42.836000000000006,58.638000000000005
209,209,Orthopedic Surgery,SONORA COMMUNITY HOSPITAL,51,73,42.836000000000006,58.638000000000005
210,210,"Orthopedic Surgery, Orthopedic Surgery of the Spine",SONORA COMMUNITY HOSPITAL,51,73,42.836000000000006,58.638000000000005
211,211,"Orthopedic Surgery, Orthopedic Surgery of the Spine",SONORA COMMUNITY HOSPITAL,51,73,42.836000000000006,58.638000000000005
212,212,Family Medicine,SONORA COMMUNITY HOSPITAL,93,145,32.448,47.365
213,213,Family Medicine,SONORA COMMUNITY HOSPITAL,93,145,32.448,47.365
214,214,Emergency Medicine,SONORA COMMUNITY HOSPITAL,287,314,40.857,74.22
215,215,Emergency Medicine,SONORA COMMUNITY HOSPITAL,287,314,40.857,74.22
216,216,Chiropractor,SONORA COMMUNITY HOSPITAL,92,153,33.033,57.545
217,217,Chiropractor,SONORA COMMUNITY HOSPITAL,92,153,33.033,57.545
218,218,Dermatology,SONORA COMMUNITY HOSPITAL,194,277,44.325,55.352
219,219,Dermatology,SONORA COMMUNITY HOSPITAL,194,277,44.325,55.352
220,220,Internal Medicine,SONORA COMMUNITY HOSPITAL,1946,2683,6.524,19.468
221,221,Internal Medicine,SONORA COMMUNITY HOSPITAL,1946,2683,6.524,19.468
222,222,Internal Medicine,SONORA COMMUNITY HOSPITAL,2014,4126,0.33,4.273
223,223,Internal Medicine,SONORA COMMUNITY HOSPITAL,2014,4126,0.33,4.273
224,224,Emergency Medicine,SONORA COMMUNITY HOSPITAL,184,197,21.518,44.97
225,225,Emergency Medicine,SONORA COMMUNITY HOSPITAL,184,197,21.518,44.97
226,226,Emergency Medicine,SONORA COMMUNITY HOSPITAL,219,232,5.401,14.844000000000001
227,227,Emergency Medicine,SONORA COMMUNITY HOSPITAL,219,232,5.401,14.844000000000001
228,228,Anesthesiology,SONORA COMMUNITY HOSPITAL,145,145,29.469,51.498000000000005
229,229,Anesthesiology,SONORA COMMUNITY HOSPITAL,145,145,29.469,51.498000000000005
230,230,"Anesthesiology, Addiction Medicine",SONORA COMMUNITY HOSPITAL,145,145,29.469,51.498000000000005
231,231,"Anesthesiology, Addiction Medicine",SONORA COMMUNITY HOSPITAL,145,145,29.469,51.498000000000005
232,232,Physical Therapist,SONORA COMMUNITY HOSPITAL,72,88,48.806999999999995,49.068999999999996
233,233,Physical Therapist,SONORA COMMUNITY HOSPITAL,72,88,48.806999999999995,49.068999999999996
234,234,Internal Medicine,SONORA COMMUNITY HOSPITAL,283,483,19.244,49.508
235,235,Internal Medicine,SONORA COMMUNITY HOSPITAL,283,483,19.244,49.508
236,236,Emergency Medicine,SONORA COMMUNITY HOSPITAL,288,302,6.152,17.164
237,237,Emergency Medicine,SONORA COMMUNITY HOSPITAL,288,302,6.152,17.164
238,238,Internal Medicine,SONORA COMMUNITY HOSPITAL,173,266,25.763,58.442
239,239,Internal Medicine,SONORA COMMUNITY HOSPITAL,173,266,25.763,58.442
240,240,Internal Medicine,SONORA COMMUNITY HOSPITAL,552,828,23.489,48.968
241,241,Internal Medicine,SONORA COMMUNITY HOSPITAL,552,828,23.489,48.968
242,242,"Nurse Practitioner, Family",SONORA COMMUNITY HOSPITAL,229,244,32.705,62.623999999999995
243,243,"Nurse Practitioner, Family",SONORA COMMUNITY HOSPITAL,229,244,32.705,62.623999999999995
244,244,"Internal Medicine, Gastroenterology",SONORA COMMUNITY HOSPITAL,259,482,30.469,42.952
245,245,"Internal Medicine, Gastroenterology",SONORA COMMUNITY HOSPITAL,259,482,30.469,42.952
246,246,"Internal Medicine, Gastroenterology",SONORA COMMUNITY HOSPITAL,259,482,30.469,42.952
247,247,"Internal Medicine, Gastroenterology",SONORA COMMUNITY HOSPITAL,259,482,30.469,42.952
248,248,"Internal Medicine, Hematology",SONORA COMMUNITY HOSPITAL,69,100,34.49,39.961999999999996
249,249,"Internal Medicine, Hematology",SONORA COMMUNITY HOSPITAL,69,100,34.49,39.961999999999996
250,250,"Internal Medicine, Hematology",SONORA COMMUNITY HOSPITAL,69,100,34.49,39.961999999999996
251,251,"Internal Medicine, Hematology",SONORA COMMUNITY HOSPITAL,69,100,34.49,39.961999999999996
252,252,Podiatrist,SONORA COMMUNITY HOSPITAL,352,573,40.7,47.726000000000006
253,253,Podiatrist,SONORA COMMUNITY HOSPITAL,352,573,40.7,47.726000000000006
254,254,"Radiology, Diagnostic Radiology",SONORA COMMUNITY HOSPITAL,2736,3643,23.344,48.99
255,255,"Radiology, Diagnostic Radiology",SONORA COMMUNITY HOSPITAL,2736,3643,23.344,48.99
256,256,"Internal Medicine, Endocrinology, Diabetes, & Metabolism",SONORA COMMUNITY HOSPITAL,373,643,34.381,40.774
257,257,"Internal Medicine, Endocrinology, Diabetes, & Metabolism",SONORA COMMUNITY HOSPITAL,373,643,34.381,40.774
258,258,"Internal Medicine, Endocrinology, Diabetes & Metabolism",SONORA COMMUNITY HOSPITAL,373,643,34.381,40.774
259,259,"Internal Medicine, Endocrinology, Diabetes & Metabolism",SONORA COMMUNITY HOSPITAL,373,643,34.381,40.774
260,260,Emergency Medicine,SONORA COMMUNITY HOSPITAL,916,1038,21.355,51.303000000000004
261,261,Emergency Medicine,SONORA COMMUNITY HOSPITAL,916,1038,21.355,51.303000000000004
262,262,"Radiology, Diagnostic Radiology",SONORA COMMUNITY HOSPITAL,645,701,33.749,55.185
263,263,"Radiology, Diagnostic Radiology",SONORA COMMUNITY HOSPITAL,645,701,33.749,55.185
264,264,Anesthesiology,SONORA COMMUNITY HOSPITAL,121,125,35.68,56.29
265,265,Anesthesiology,SONORA COMMUNITY HOSPITAL,121,125,35.68,56.29
266,266,"Anesthesiology, Addiction Medicine",SONORA COMMUNITY HOSPITAL,121,125,35.68,56.29
267,267,"Anesthesiology, Addiction Medicine",SONORA COMMUNITY HOSPITAL,121,125,35.68,56.29
268,268,Anesthesiology,SONORA COMMUNITY HOSPITAL,122,124,34.637,54.768
269,269,Anesthesiology,SONORA COMMUNITY HOSPITAL,122,124,34.637,54.768
270,270,"Anesthesiology, Addiction Medicine",SONORA COMMUNITY HOSPITAL,122,124,34.637,54.768
271,271,"Anesthesiology, Addiction Medicine",SONORA COMMUNITY HOSPITAL,122,124,34.637,54.768
272,272,"Internal Medicine, Interventional Cardiology",SONORA COMMUNITY HOSPITAL,57,71,37.972,47.027
273,273,"Internal Medicine, Interventional Cardiology",SONORA COMMUNITY HOSPITAL,57,71,37.972,47.027
274,274,"Radiology, Diagnostic Radiology",SONORA COMMUNITY HOSPITAL,647,686,39.226,64.86
275,275,"Radiology, Diagnostic Radiology",SONORA COMMUNITY HOSPITAL,647,686,39.226,64.86
276,276,Family Medicine,SONORA COMMUNITY HOSPITAL,42,58,43.586000000000006,46.576
277,277,Family Medicine,SONORA COMMUNITY HOSPITAL,42,58,43.586000000000006,46.576
278,278,Emergency Medicine,SONORA COMMUNITY HOSPITAL,275,299,5.164,14.24
279,279,Emergency Medicine,SONORA COMMUNITY HOSPITAL,275,299,5.164,14.24
280,280,Internal Medicine,SONORA COMMUNITY HOSPITAL,83,129,22.465,52.803000000000004
281,281,Internal Medicine,SONORA COMMUNITY HOSPITAL,83,129,22.465,52.803000000000004
282,282,Internal Medicine,SONORA COMMUNITY HOSPITAL,66,83,29.229,43.176
283,283,Internal Medicine,SONORA COMMUNITY HOSPITAL,66,83,29.229,43.176
284,284,"Clinical Nurse Specialist, Emergency",SONORA COMMUNITY HOSPITAL,104,145,37.876,54.915
285,285,"Clinical Nurse Specialist, Emergency",SONORA COMMUNITY HOSPITAL,104,145,37.876,54.915
286,286,Family Medicine,SONORA COMMUNITY HOSPITAL,54,56,16.714000000000002,43.082
287,287,Family Medicine,SONORA COMMUNITY HOSPITAL,54,56,16.714000000000002,43.082
288,288,Orthopedic Surgery,SONORA COMMUNITY HOSPITAL,166,226,38.195,56.215
289,289,Orthopedic Surgery,SONORA COMMUNITY HOSPITAL,166,226,38.195,56.215
290,290,Orthopedic Surgery,SONORA COMMUNITY HOSPITAL,166,226,38.195,56.215
291,291,Orthopedic Surgery,SONORA COMMUNITY HOSPITAL,166,226,38.195,56.215
292,292,Nurse Practitioner,SONORA COMMUNITY HOSPITAL,206,295,34.203,52.552
293,293,Nurse Practitioner,SONORA COMMUNITY HOSPITAL,206,295,34.203,52.552
294,294,Family Medicine,SONORA COMMUNITY HOSPITAL,112,163,42.086000000000006,56.49100000000001
295,295,Family Medicine,SONORA COMMUNITY HOSPITAL,112,163,42.086000000000006,56.49100000000001
296,296,Surgery,SONORA COMMUNITY HOSPITAL,157,189,32.222,53.94
297,297,Surgery,SONORA COMMUNITY HOSPITAL,157,189,32.222,53.94
298,298,Orthopedic Surgery,SONORA COMMUNITY HOSPITAL,171,220,35.568000000000005,55.553999999999995
299,299,Orthopedic Surgery,SONORA COMMUNITY HOSPITAL,171,220,35.568000000000005,55.553999999999995
300,300,Orthopedic Surgery,SONORA COMMUNITY HOSPITAL,171,220,35.568000000000005,55.553999999999995
301,301,Orthopedic Surgery,SONORA COMMUNITY HOSPITAL,171,220,35.568000000000005,55.553999999999995
302,302,"Internal Medicine, Cardiovascular Disease",SONORA COMMUNITY HOSPITAL,1117,1677,2.019,19.448
303,303,"Internal Medicine, Cardiovascular Disease",SONORA COMMUNITY HOSPITAL,1117,1677,2.019,19.448
304,304,"Internal Medicine, Cardiovascular Disease",SONORA COMMUNITY HOSPITAL,1117,1677,2.019,19.448
305,305,"Internal Medicine, Cardiovascular Disease",SONORA COMMUNITY HOSPITAL,1117,1677,2.019,19.448
306,306,Physician Assistant,SONORA COMMUNITY HOSPITAL,248,259,35.297,68.27600000000001
307,307,Physician Assistant,SONORA COMMUNITY HOSPITAL,248,259,35.297,68.27600000000001
308,308,"Clinical Nurse Specialist, Emergency",SONORA COMMUNITY HOSPITAL,319,332,36.843,66.844
309,309,"Clinical Nurse Specialist, Emergency",SONORA COMMUNITY HOSPITAL,319,332,36.843,66.844
310,310,Orthopedic Surgery,SONORA COMMUNITY HOSPITAL,103,154,33.623000000000005,45.193999999999996
311,311,Orthopedic Surgery,SONORA COMMUNITY HOSPITAL,103,154,33.623000000000005,45.193999999999996
312,312,"Orthopedic Surgery, Orthopedic Surgery of the Spine",SONORA COMMUNITY HOSPITAL,103,154,33.623000000000005,45.193999999999996
313,313,"Orthopedic Surgery, Orthopedic Surgery of the Spine",SONORA COMMUNITY HOSPITAL,103,154,33.623000000000005,45.193999999999996
314,314,Emergency Medicine,SONORA COMMUNITY HOSPITAL,178,189,12.852,29.394000000000002
315,315,Emergency Medicine,SONORA COMMUNITY HOSPITAL,178,189,12.852,29.394000000000002
316,316,Chiropractor,SONORA COMMUNITY HOSPITAL,51,71,35.254,53.894
317,317,Chiropractor,SONORA COMMUNITY HOSPITAL,51,71,35.254,53.894
318,318,Internal Medicine,SONORA COMMUNITY HOSPITAL,275,423,17.031,43.398999999999994
319,319,Internal Medicine,SONORA COMMUNITY HOSPITAL,275,423,17.031,43.398999999999994
320,320,Nurse Practitioner,SONORA COMMUNITY HOSPITAL,55,67,44.448,53.589
321,321,Nurse Practitioner,SONORA COMMUNITY HOSPITAL,55,67,44.448,53.589
322,322,Internal Medicine,SONORA COMMUNITY HOSPITAL,44,55,31.673000000000002,52.983999999999995
323,323,Internal Medicine,SONORA COMMUNITY HOSPITAL,44,55,31.673000000000002,52.983999999999995
324,324,Otolaryngology,SONORA COMMUNITY HOSPITAL,426,570,45.251000000000005,58.736999999999995
325,325,Otolaryngology,SONORA COMMUNITY HOSPITAL,426,570,45.251000000000005,58.736999999999995
326,326,Clinical Nurse Specialist,SONORA COMMUNITY HOSPITAL,401,999,17.618,25.494
327,327,Clinical Nurse Specialist,SONORA COMMUNITY HOSPITAL,401,999,17.618,25.494
328,328,Obstetrics & Gynecology,SONORA COMMUNITY HOSPITAL,118,174,28.218000000000004,37.951
329,329,Obstetrics & Gynecology,SONORA COMMUNITY HOSPITAL,118,174,28.218000000000004,37.951
330,330,Internal Medicine,SONORA COMMUNITY HOSPITAL,248,367,10.869000000000002,27.375
331,331,Internal Medicine,SONORA COMMUNITY HOSPITAL,248,367,10.869000000000002,27.375
332,332,Surgery,SONORA COMMUNITY HOSPITAL,124,153,30.869,53.809
333,333,Surgery,SONORA COMMUNITY HOSPITAL,124,153,30.869,53.809
334,334,"Chiropractor, Neurology",SONORA COMMUNITY HOSPITAL,51,80,37.3,54.543
335,335,"Chiropractor, Neurology",SONORA COMMUNITY HOSPITAL,51,80,37.3,54.543
336,336,"Nurse Practitioner, Adult Health",SONORA COMMUNITY HOSPITAL,86,122,36.098,53.67100000000001
337,337,"Nurse Practitioner, Adult Health",SONORA COMMUNITY HOSPITAL,86,122,36.098,53.67100000000001
338,338,"Nurse Practitioner, Adult Health",SONORA COMMUNITY HOSPITAL,100,126,43.746,64.681
339,339,"Nurse Practitioner, Adult Health",SONORA COMMUNITY HOSPITAL,100,126,43.746,64.681
340,340,Nurse Practitioner,SONORA COMMUNITY HOSPITAL,94,138,42.435,55.126000000000005
341,341,Nurse Practitioner,SONORA COMMUNITY HOSPITAL,94,138,42.435,55.126000000000005
342,342,"Nurse Practitioner, Primary Care",SONORA COMMUNITY HOSPITAL,60,75,37.893,51.729
343,343,"Nurse Practitioner, Primary Care",SONORA COMMUNITY HOSPITAL,60,75,37.893,51.729
344,344,"Radiology, Diagnostic Radiology",SONORA COMMUNITY HOSPITAL,2617,3565,23.767,51.341
345,345,"Radiology, Diagnostic Radiology",SONORA COMMUNITY HOSPITAL,2617,3565,23.767,51.341
346,346,Family Medicine,SONORA COMMUNITY HOSPITAL,174,278,33.576,51.934
347,347,Family Medicine,SONORA COMMUNITY HOSPITAL,174,278,33.576,51.934
348,348,"Radiology, Diagnostic Radiology",SONORA COMMUNITY HOSPITAL,371,400,29.543000000000003,54.049
349,349,"Radiology, Diagnostic Radiology",SONORA COMMUNITY HOSPITAL,371,400,29.543000000000003,54.049
350,350,Physician Assistant,SONORA COMMUNITY HOSPITAL,114,177,41.678000000000004,45.232
351,351,Physician Assistant,SONORA COMMUNITY HOSPITAL,114,177,41.678000000000004,45.232
352,352,Family Medicine,SONORA COMMUNITY HOSPITAL,116,199,27.503,41.251000000000005
353,353,Family Medicine,SONORA COMMUNITY HOSPITAL,116,199,27.503,41.251000000000005
354,354,Emergency Medicine,SONORA COMMUNITY HOSPITAL,186,199,31.447,63.387
355,355,Emergency Medicine,SONORA COMMUNITY HOSPITAL,186,199,31.447,63.387
356,356,Surgery,SONORA COMMUNITY HOSPITAL,82,102,31.824,55.17
357,357,Surgery,SONORA COMMUNITY HOSPITAL,82,102,31.824,55.17
358,358,Internal Medicine,SONORA COMMUNITY HOSPITAL,77,105,6.295,13.272
359,359,Internal Medicine,SONORA COMMUNITY HOSPITAL,77,105,6.295,13.272
360,360,Emergency Medicine,SONORA COMMUNITY HOSPITAL,98,135,13.222000000000001,33.903
361,361,Emergency Medicine,SONORA COMMUNITY HOSPITAL,98,135,13.222000000000001,33.903
362,362,Chiropractor,SONORA COMMUNITY HOSPITAL,86,129,41.705,53.905
363,363,Chiropractor,SONORA COMMUNITY HOSPITAL,86,129,41.705,53.905
364,364,"Internal Medicine, Cardiovascular Disease",SONORA COMMUNITY HOSPITAL,48,56,41.036,59.425
365,365,"Internal Medicine, Cardiovascular Disease",SONORA COMMUNITY HOSPITAL,48,56,41.036,59.425
366,366,"Internal Medicine, Cardiovascular Disease",SONORA COMMUNITY HOSPITAL,48,56,41.036,59.425
367,367,"Internal Medicine, Cardiovascular Disease",SONORA COMMUNITY HOSPITAL,48,56,41.036,59.425
368,368,Internal Medicine,SONORA COMMUNITY HOSPITAL,64,88,33.431999999999995,54.091
369,369,Internal Medicine,SONORA COMMUNITY HOSPITAL,64,88,33.431999999999995,54.091
370,370,"Nurse Practitioner, Family",SONORA COMMUNITY HOSPITAL,61,94,33.309,45.706
371,371,"Nurse Practitioner, Family",SONORA COMMUNITY HOSPITAL,61,94,33.309,45.706
372,372,Family Medicine,SONORA COMMUNITY HOSPITAL,124,199,46.111000000000004,57.138000000000005
373,373,Family Medicine,SONORA COMMUNITY HOSPITAL,124,199,46.111000000000004,57.138000000000005
374,374,"Internal Medicine, Critical Care Medicine",SONORA COMMUNITY HOSPITAL,111,126,46.92100000000001,61.559
375,375,"Internal Medicine, Critical Care Medicine",SONORA COMMUNITY HOSPITAL,111,126,46.92100000000001,61.559
376,376,"Internal Medicine, Critical Care Medicine",SONORA COMMUNITY HOSPITAL,111,126,46.92100000000001,61.559
377,377,"Internal Medicine, Critical Care Medicine",SONORA COMMUNITY HOSPITAL,111,126,46.92100000000001,61.559
378,378,Surgery,SONORA COMMUNITY HOSPITAL,112,141,41.794,59.3
379,379,Surgery,SONORA COMMUNITY HOSPITAL,112,141,41.794,59.3
380,380,Surgery,SONORA COMMUNITY HOSPITAL,186,274,40.442,51.922
381,381,Surgery,SONORA COMMUNITY HOSPITAL,186,274,40.442,51.922
382,382,"Surgery, Vascular Surgery",SONORA COMMUNITY HOSPITAL,186,274,40.442,51.922
383,383,"Surgery, Vascular Surgery",SONORA COMMUNITY HOSPITAL,186,274,40.442,51.922
384,384,"Surgery, Vascular Surgery",SONORA COMMUNITY HOSPITAL,186,274,40.442,51.922
385,385,"Surgery, Vascular Surgery",SONORA COMMUNITY HOSPITAL,186,274,40.442,51.922
386,386,Family Medicine,SONORA COMMUNITY HOSPITAL,61,102,29.059,40.437
387,387,Family Medicine,SONORA COMMUNITY HOSPITAL,61,102,29.059,40.437
388,388,Emergency Medicine,SONORA COMMUNITY HOSPITAL,101,108,17.555999999999997,30.1
389,389,Emergency Medicine,SONORA COMMUNITY HOSPITAL,101,108,17.555999999999997,30.1
390,390,"Nurse Practitioner, Family",SONORA COMMUNITY HOSPITAL,49,79,26.62,37.907
391,391,"Nurse Practitioner, Family",SONORA COMMUNITY HOSPITAL,49,79,26.62,37.907
392,392,Family Medicine,SONORA COMMUNITY HOSPITAL,64,90,34.378,50.299
393,393,Family Medicine,SONORA COMMUNITY HOSPITAL,64,90,34.378,50.299
394,394,Orthopedic Surgery,SONORA COMMUNITY HOSPITAL,53,77,42.325,62.225
395,395,Orthopedic Surgery,SONORA COMMUNITY HOSPITAL,53,77,42.325,62.225
396,396,Orthopedic Surgery,SONORA COMMUNITY HOSPITAL,53,77,42.325,62.225
397,397,Orthopedic Surgery,SONORA COMMUNITY HOSPITAL,53,77,42.325,62.225
398,398,Obstetrics & Gynecology,SONORA COMMUNITY HOSPITAL,55,71,43.225,45.736000000000004
399,399,Obstetrics & Gynecology,SONORA COMMUNITY HOSPITAL,55,71,43.225,45.736000000000004
400,400,Physical Medicine & Rehabilitation,SONORA COMMUNITY HOSPITAL,457,637,49.408,60.876000000000005
401,401,Physical Medicine & Rehabilitation,SONORA COMMUNITY HOSPITAL,457,637,49.408,60.876000000000005
402,402,Physician Assistant,SONORA COMMUNITY HOSPITAL,253,263,34.802,62.227
403,403,Physician Assistant,SONORA COMMUNITY HOSPITAL,253,263,34.802,62.227
404,404,Family Medicine,SONORA COMMUNITY HOSPITAL,70,112,34.33,46.083
405,405,Family Medicine,SONORA COMMUNITY HOSPITAL,70,112,34.33,46.083
406,406,Internal Medicine,SONORA COMMUNITY HOSPITAL,126,180,14.933,33.799
407,407,Internal Medicine,SONORA COMMUNITY HOSPITAL,126,180,14.933,33.799
408,408,Urology,SONORA COMMUNITY HOSPITAL,273,431,44.718999999999994,55.316
409,409,Urology,SONORA COMMUNITY HOSPITAL,273,431,44.718999999999994,55.316
410,410,Internal Medicine,SONORA COMMUNITY HOSPITAL,194,310,15.515999999999998,38.098
411,411,Internal Medicine,SONORA COMMUNITY HOSPITAL,194,310,15.515999999999998,38.098
412,412,"Radiology, Vascular and Interventional Radiology",SONORA COMMUNITY HOSPITAL,67,74,49.176,62.341
413,413,"Radiology, Vascular and Interventional Radiology",SONORA COMMUNITY HOSPITAL,67,74,49.176,62.341
414,414,Emergency Medicine,SONORA COMMUNITY HOSPITAL,642,725,23.971999999999998,53.14
415,415,Emergency Medicine,SONORA COMMUNITY HOSPITAL,642,725,23.971999999999998,53.14
416,416,Internal Medicine,SONORA COMMUNITY HOSPITAL,1669,2136,5.0169999999999995,21.283
417,417,Internal Medicine,SONORA COMMUNITY HOSPITAL,1669,2136,5.0169999999999995,21.283
418,418,"Radiology, Diagnostic Radiology",SONORA COMMUNITY HOSPITAL,2697,3552,26.879,53.803000000000004
419,419,"Radiology, Diagnostic Radiology",SONORA COMMUNITY HOSPITAL,2697,3552,26.879,53.803000000000004
420,420,Emergency Medicine,SONORA COMMUNITY HOSPITAL,555,624,19.199,44.473
421,421,Emergency Medicine,SONORA COMMUNITY HOSPITAL,555,624,19.199,44.473
422,422,"Internal Medicine, Hematology & Oncology",SONORA COMMUNITY HOSPITAL,142,215,33.395,50.336999999999996
423,423,"Internal Medicine, Hematology & Oncology",SONORA COMMUNITY HOSPITAL,142,215,33.395,50.336999999999996
424,424,"Internal Medicine, Hematology & Oncology",SONORA COMMUNITY HOSPITAL,142,215,33.395,50.336999999999996
425,425,"Internal Medicine, Hematology & Oncology",SONORA COMMUNITY HOSPITAL,142,215,33.395,50.336999999999996
426,426,Internal Medicine,SONORA COMMUNITY HOSPITAL,77,112,33.723,41.765
427,427,Internal Medicine,SONORA COMMUNITY HOSPITAL,77,112,33.723,41.765
428,428,"Nurse Practitioner, Family",SONORA COMMUNITY HOSPITAL,102,146,31.87,38.344
429,429,"Nurse Practitioner, Family",SONORA COMMUNITY HOSPITAL,102,146,31.87,38.344
430,430,Internal Medicine,SONORA COMMUNITY HOSPITAL,154,224,46.24100000000001,57.88399999999999
431,431,Internal Medicine,SONORA COMMUNITY HOSPITAL,154,224,46.24100000000001,57.88399999999999
432,432,Family Medicine,SONORA COMMUNITY HOSPITAL,186,335,38.451,50.126000000000005
433,433,Family Medicine,SONORA COMMUNITY HOSPITAL,186,335,38.451,50.126000000000005
434,434,Anesthesiology,SONORA COMMUNITY HOSPITAL,156,161,41.391000000000005,60.591
435,435,Anesthesiology,SONORA COMMUNITY HOSPITAL,156,161,41.391000000000005,60.591
436,436,"Anesthesiology, Addiction Medicine",SONORA COMMUNITY HOSPITAL,156,161,41.391000000000005,60.591
437,437,"Anesthesiology, Addiction Medicine",SONORA COMMUNITY HOSPITAL,156,161,41.391000000000005,60.591
438,438,"Nurse Practitioner, Family",SONORA COMMUNITY HOSPITAL,110,167,29.228,45.245
439,439,"Nurse Practitioner, Family",SONORA COMMUNITY HOSPITAL,110,167,29.228,45.245
440,440,Emergency Medicine,SONORA COMMUNITY HOSPITAL,141,151,48.748000000000005,59.59
441,441,Ophthalmology,SONORA COMMUNITY HOSPITAL,312,403,45.305,56.631
442,442,"Family Medicine, Adult Medicine",SONORA COMMUNITY HOSPITAL,29,72,24.139,37.229
443,443,"Internal Medicine, Pulmonary Disease",SONORA COMMUNITY HOSPITAL,167,401,24.923000000000002,36.464
444,444,"Internal Medicine, Pulmonary Disease",SONORA COMMUNITY HOSPITAL,167,401,24.923000000000002,36.464
445,445,"Internal Medicine, Nephrology",SONORA COMMUNITY HOSPITAL,16,52,17.538,36.348
446,446,"Internal Medicine, Nephrology",SONORA COMMUNITY HOSPITAL,16,52,17.538,36.348
447,447,"Internal Medicine, Hematology & Oncology",SONORA COMMUNITY HOSPITAL,46,101,19.158,32.794000000000004
448,448,"Internal Medicine, Hematology & Oncology",SONORA COMMUNITY HOSPITAL,46,101,19.158,32.794000000000004
449,449,Hospitalist,SONORA COMMUNITY HOSPITAL,112,128,27.289,53.56399999999999
450,450,Neuromusculoskeletal Medicine & OMM,SONORA COMMUNITY HOSPITAL,42,61,26.459,40.223
451,451,Physician Assistant,SONORA COMMUNITY HOSPITAL,57,58,39.621,49.357
452,452,Family Medicine,SONORA COMMUNITY HOSPITAL,21,58,13.845,19.32
453,453,Emergency Medicine,SONORA COMMUNITY HOSPITAL,135,148,35.176,51.46
454,454,Internal Medicine,SONORA COMMUNITY HOSPITAL,85,100,11.96,22.749000000000002
455,455,Internal Medicine,SONORA COMMUNITY HOSPITAL,55,62,13.532,23.881
456,456,Orthopedic Surgery,SONORA COMMUNITY HOSPITAL,113,159,17.881,38.650999999999996
457,457,Orthopedic Surgery,SONORA COMMUNITY HOSPITAL,113,159,17.881,38.650999999999996
458,458,"Family Medicine, Adult Medicine",SONORA COMMUNITY HOSPITAL,54,104,16.26,20.6
459,459,Internal Medicine,SONORA COMMUNITY HOSPITAL,124,384,17.06,25.859
460,460,Internal Medicine,SONORA COMMUNITY HOSPITAL,102,287,13.394,19.002
461,461,Family Medicine,SONORA COMMUNITY HOSPITAL,33,79,22.848000000000003,37.899
462,462,"Nurse Practitioner, Family",SONORA COMMUNITY HOSPITAL,74,77,38.195,63.64
463,463,"Internal Medicine, Critical Care Medicine",SONORA COMMUNITY HOSPITAL,370,788,17.269000000000002,23.518
464,464,"Internal Medicine, Critical Care Medicine",SONORA COMMUNITY HOSPITAL,370,788,17.269000000000002,23.518
465,465,Physical Therapist,SONORA COMMUNITY HOSPITAL,46,79,26.038,54.878
466,466,"Nurse Practitioner, Family",SONORA COMMUNITY HOSPITAL,34,51,28.471,46.817
467,467,Urology,SONORA COMMUNITY HOSPITAL,176,273,34.22,49.681999999999995
468,468,Chiropractor,SONORA COMMUNITY HOSPITAL,18,56,17.429000000000002,40.637
469,469,"Nurse Practitioner, Family",SONORA COMMUNITY HOSPITAL,44,69,27.58,44.565
470,470,"Internal Medicine, Rheumatology",SONORA COMMUNITY HOSPITAL,26,91,20.121,25.41
471,471,"Internal Medicine, Rheumatology",SONORA COMMUNITY HOSPITAL,26,91,20.121,25.41
472,472,Internal Medicine,SONORA COMMUNITY HOSPITAL,37,68,33.191,57.218
473,473,Emergency Medicine,SONORA COMMUNITY HOSPITAL,125,134,37.09,56.283
474,474,Orthopedic Surgery,SONORA COMMUNITY HOSPITAL,133,220,15.832,27.399
475,475,Orthopedic Surgery,SONORA COMMUNITY HOSPITAL,133,220,15.832,27.399
476,476,"Radiology, Diagnostic Radiology",SONORA COMMUNITY HOSPITAL,132,137,43.285,57.705
477,477,Emergency Medicine,SONORA COMMUNITY HOSPITAL,73,84,21.679000000000002,37.676
478,478,Internal Medicine,SONORA COMMUNITY HOSPITAL,41,112,22.5,33.675
479,479,Ophthalmology,SONORA COMMUNITY HOSPITAL,32,70,24.0,27.398000000000003
480,480,Emergency Medicine,SONORA COMMUNITY HOSPITAL,173,196,37.148,64.20100000000001
481,481,Emergency Medicine,SONORA COMMUNITY HOSPITAL,168,179,39.782,58.481
482,482,Otolaryngology,SONORA COMMUNITY HOSPITAL,120,251,26.462,36.495
483,483,Internal Medicine,SONORA COMMUNITY HOSPITAL,65,75,27.987,48.479
484,484,Internal Medicine,SONORA COMMUNITY HOSPITAL,55,163,18.939,24.573
485,485,Surgery,SONORA COMMUNITY HOSPITAL,54,128,18.625,30.538
486,486,Family Medicine,SONORA COMMUNITY HOSPITAL,63,225,10.937999999999999,8.177
487,487,Internal Medicine,SONORA COMMUNITY HOSPITAL,86,258,17.659000000000002,22.789
488,488,Orthopedic Surgery,SONORA COMMUNITY HOSPITAL,139,201,23.468000000000004,43.898
489,489,Orthopedic Surgery,SONORA COMMUNITY HOSPITAL,139,201,23.468000000000004,43.898
490,490,Emergency Medicine,SONORA COMMUNITY HOSPITAL,156,165,41.994,62.77
491,491,"Radiology, Radiation Oncology",SONORA COMMUNITY HOSPITAL,29,62,22.0,37.729
492,492,Orthopedic Surgery,SONORA COMMUNITY HOSPITAL,134,185,17.486,38.472
493,493,Orthopedic Surgery,SONORA COMMUNITY HOSPITAL,134,185,17.486,38.472
494,494,"Nurse Practitioner, Family",SONORA COMMUNITY HOSPITAL,73,82,45.32899999999999,63.843
495,495,"Internal Medicine, Cardiovascular Disease",SONORA COMMUNITY HOSPITAL,432,677,30.015,45.784
496,496,"Internal Medicine, Cardiovascular Disease",SONORA COMMUNITY HOSPITAL,432,677,30.015,45.784
497,497,Family Medicine,SONORA COMMUNITY HOSPITAL,27,76,17.395,28.224
498,498,General Practice,SONORA COMMUNITY HOSPITAL,83,150,22.073,46.872
499,499,General Practice,SONORA COMMUNITY HOSPITAL,83,150,22.073,46.872
500,500,Family Medicine,SONORA COMMUNITY HOSPITAL,37,118,17.246,27.076
501,501,Family Medicine,SONORA COMMUNITY HOSPITAL,30,66,24.439,35.03
502,502,Chiropractor,SONORA COMMUNITY HOSPITAL,37,118,12.212,15.220999999999998
503,503,Dermatology,SONORA COMMUNITY HOSPITAL,64,106,38.783,58.042
504,504,Internal Medicine,SONORA COMMUNITY HOSPITAL,449,831,21.537,37.297
505,505,Internal Medicine,SONORA COMMUNITY HOSPITAL,375,526,24.616,36.48
506,506,Emergency Medicine,SONORA COMMUNITY HOSPITAL,53,54,41.037,42.589
507,507,Internal Medicine,SONORA COMMUNITY HOSPITAL,116,134,30.642,51.56100000000001
508,508,Emergency Medicine,SONORA COMMUNITY HOSPITAL,62,63,21.381,25.552
509,509,Family Medicine,SONORA COMMUNITY HOSPITAL,35,94,22.489,34.986
510,510,"Physician Assistant, Surgical",SONORA COMMUNITY HOSPITAL,58,64,36.5,67.22800000000001
511,511,Internal Medicine,SONORA COMMUNITY HOSPITAL,69,72,28.375,51.536
512,512,Internal Medicine,SONORA COMMUNITY HOSPITAL,230,266,18.41,36.292
513,513,"Nurse Practitioner, Family",SONORA COMMUNITY HOSPITAL,81,83,39.096,59.903999999999996
514,514,"Internal Medicine, Gastroenterology",SONORA COMMUNITY HOSPITAL,80,188,20.394000000000002,34.505
515,515,"Internal Medicine, Gastroenterology",SONORA COMMUNITY HOSPITAL,80,188,20.394000000000002,34.505
516,516,Podiatrist,SONORA COMMUNITY HOSPITAL,154,354,23.465999999999998,33.029
517,517,"Radiology, Diagnostic Radiology",SONORA COMMUNITY HOSPITAL,819,1093,26.78,42.43899999999999
518,518,"Internal Medicine, Endocrinology, Diabetes, & Metabolism",SONORA COMMUNITY HOSPITAL,127,313,23.029,28.191
519,519,"Internal Medicine, Endocrinology, Diabetes & Metabolism",SONORA COMMUNITY HOSPITAL,127,313,23.029,28.191
520,520,Emergency Medicine,SONORA COMMUNITY HOSPITAL,259,286,37.357,53.722
521,521,"Radiology, Diagnostic Radiology",SONORA COMMUNITY HOSPITAL,218,231,39.688,51.321000000000005
522,522,Anesthesiology,SONORA COMMUNITY HOSPITAL,72,72,17.972,34.301
523,523,"Anesthesiology, Addiction Medicine",SONORA COMMUNITY HOSPITAL,72,72,17.972,34.301
524,524,Anesthesiology,SONORA COMMUNITY HOSPITAL,65,66,22.726999999999997,36.826
525,525,"Anesthesiology, Addiction Medicine",SONORA COMMUNITY HOSPITAL,65,66,22.726999999999997,36.826
526,526,Physical Therapist,SONORA COMMUNITY HOSPITAL,31,57,25.965,45.42
527,527,"Pathology, Cytopathology",SONORA COMMUNITY HOSPITAL,258,291,43.81100000000001,63.906000000000006
528,528,"Radiology, Diagnostic Radiology",SONORA COMMUNITY HOSPITAL,240,251,41.853,57.361999999999995
529,529,Emergency Medicine,SONORA COMMUNITY HOSPITAL,64,67,16.820999999999998,18.750999999999998
530,530,"Clinical Nurse Specialist, Emergency",SONORA COMMUNITY HOSPITAL,37,76,13.382,14.651
531,531,Orthopedic Surgery,SONORA COMMUNITY HOSPITAL,80,128,11.977,22.996
532,532,Orthopedic Surgery,SONORA COMMUNITY HOSPITAL,80,128,11.977,22.996
533,533,Nurse Practitioner,SONORA COMMUNITY HOSPITAL,72,131,27.58,35.783
534,534,Family Medicine,SONORA COMMUNITY HOSPITAL,29,71,24.366,35.033
535,535,Orthopedic Surgery,SONORA COMMUNITY HOSPITAL,96,150,16.727,47.463
536,536,Orthopedic Surgery,SONORA COMMUNITY HOSPITAL,96,150,16.727,47.463
537,537,"Internal Medicine, Cardiovascular Disease",SONORA COMMUNITY HOSPITAL,230,272,42.831,58.681000000000004
538,538,"Internal Medicine, Cardiovascular Disease",SONORA COMMUNITY HOSPITAL,230,272,42.831,58.681000000000004
539,539,Physician Assistant,SONORA COMMUNITY HOSPITAL,76,78,45.358999999999995,60.52
540,540,"Clinical Nurse Specialist, Emergency",SONORA COMMUNITY HOSPITAL,81,83,35.422,46.076
541,541,Orthopedic Surgery,SONORA COMMUNITY HOSPITAL,35,65,24.308000000000003,37.834
542,542,"Orthopedic Surgery, Orthopedic Surgery of the Spine",SONORA COMMUNITY HOSPITAL,35,65,24.308000000000003,37.834
543,543,"Dermatology, Procedural Dermatology",SONORA COMMUNITY HOSPITAL,89,143,40.965,47.802
544,544,Internal Medicine,SONORA COMMUNITY HOSPITAL,102,111,22.838,46.56100000000001
545,545,Optometrist,SONORA COMMUNITY HOSPITAL,41,52,36.0,48.398
546,546,"Nurse Anesthetist, Certified Registered",SONORA COMMUNITY HOSPITAL,59,61,22.803,40.235
547,547,Internal Medicine,SONORA COMMUNITY HOSPITAL,124,141,39.496,42.868
548,548,Otolaryngology,SONORA COMMUNITY HOSPITAL,168,368,25.647,39.34
549,549,Podiatrist,SONORA COMMUNITY HOSPITAL,84,127,35.141999999999996,45.013999999999996
550,550,Clinical Nurse Specialist,SONORA COMMUNITY HOSPITAL,121,513,14.078,14.335
551,551,Obstetrics & Gynecology,SONORA COMMUNITY HOSPITAL,59,117,21.230999999999998,39.931999999999995
552,552,Internal Medicine,SONORA COMMUNITY HOSPITAL,74,88,21.523000000000003,39.607
553,553,"Nurse Practitioner, Adult Health",SONORA COMMUNITY HOSPITAL,30,52,24.404,32.477
554,554,"Nurse Practitioner, Adult Health",SONORA COMMUNITY HOSPITAL,65,68,14.588,41.446000000000005
555,555,Nurse Practitioner,SONORA COMMUNITY HOSPITAL,50,108,28.944000000000003,50.328
556,556,Internal Medicine,SONORA COMMUNITY HOSPITAL,143,185,34.881,52.613
557,557,"Radiology, Diagnostic Radiology",SONORA COMMUNITY HOSPITAL,800,1039,32.09,48.618
558,558,Family Medicine,SONORA COMMUNITY HOSPITAL,65,162,20.006,38.412
559,559,Emergency Medicine,SONORA COMMUNITY HOSPITAL,72,77,48.312,66.742
560,560,"Radiology, Diagnostic Radiology",SONORA COMMUNITY HOSPITAL,119,125,39.111999999999995,52.979
561,561,Physician Assistant,SONORA COMMUNITY HOSPITAL,56,147,19.122,28.011
562,562,Family Medicine,SONORA COMMUNITY HOSPITAL,47,166,11.717,17.305
563,563,Chiropractor,SONORA COMMUNITY HOSPITAL,34,95,17.768,26.987
564,564,Dermatology,SONORA COMMUNITY HOSPITAL,196,283,40.841,54.513000000000005
565,565,Ophthalmology,SONORA COMMUNITY HOSPITAL,241,350,34.654,46.088
566,566,Family Medicine,SONORA COMMUNITY HOSPITAL,44,104,29.096,43.571999999999996
567,567,Surgery,SONORA COMMUNITY HOSPITAL,34,52,22.980999999999998,36.229
568,568,"Physician Assistant, Medical",SONORA COMMUNITY HOSPITAL,127,165,39.309,49.003
569,569,Surgery,SONORA COMMUNITY HOSPITAL,65,111,29.784000000000002,50.581
570,570,"Surgery, Vascular Surgery",SONORA COMMUNITY HOSPITAL,65,111,29.784000000000002,50.581
571,571,"Surgery, Vascular Surgery",SONORA COMMUNITY HOSPITAL,65,111,29.784000000000002,50.581
572,572,Anesthesiology,SONORA COMMUNITY HOSPITAL,71,71,36.113,62.988
573,573,"Anesthesiology, Addiction Medicine",SONORA COMMUNITY HOSPITAL,71,71,36.113,62.988
574,574,Family Medicine,SONORA COMMUNITY HOSPITAL,21,69,14.594000000000001,10.69
575,575,Nurse Practitioner,SONORA COMMUNITY HOSPITAL,72,110,30.736,44.43
576,576,Physical Medicine & Rehabilitation,SONORA COMMUNITY HOSPITAL,173,335,30.904,46.235
577,577,Physician Assistant,SONORA COMMUNITY HOSPITAL,73,74,49.446000000000005,68.62899999999999
578,578,Family Medicine,SONORA COMMUNITY HOSPITAL,27,61,25.344,39.21
579,579,Internal Medicine,SONORA COMMUNITY HOSPITAL,53,57,24.947,44.157
580,580,Urology,SONORA COMMUNITY HOSPITAL,115,311,23.276999999999997,38.561
581,581,Internal Medicine,SONORA COMMUNITY HOSPITAL,60,66,26.773000000000003,49.778
582,582,Emergency Medicine,SONORA COMMUNITY HOSPITAL,184,204,37.833,57.63399999999999
583,583,Internal Medicine,SONORA COMMUNITY HOSPITAL,399,576,24.75,38.895
584,584,"Radiology, Diagnostic Radiology",SONORA COMMUNITY HOSPITAL,891,1152,29.72,45.498999999999995
585,585,Emergency Medicine,SONORA COMMUNITY HOSPITAL,146,161,37.398,63.818999999999996
586,586,"Internal Medicine, Hematology & Oncology",SONORA COMMUNITY HOSPITAL,57,146,15.575,33.63
587,587,"Internal Medicine, Hematology & Oncology",SONORA COMMUNITY HOSPITAL,57,146,15.575,33.63
588,588,Internal Medicine,SONORA COMMUNITY HOSPITAL,36,89,22.933000000000003,33.693000000000005
589,589,"Nurse Practitioner, Family",SONORA COMMUNITY HOSPITAL,30,58,22.121,30.158
590,590,Internal Medicine,SONORA COMMUNITY HOSPITAL,51,103,30.68,40.475
591,591,Family Medicine,SONORA COMMUNITY HOSPITAL,57,161,18.391,22.913
592,592,Anesthesiology,SONORA COMMUNITY HOSPITAL,75,77,23.506,37.941
593,593,"Anesthesiology, Addiction Medicine",SONORA COMMUNITY HOSPITAL,75,77,23.506,37.941
594,594,"Nurse Practitioner, Family",SONORA COMMUNITY HOSPITAL,30,72,20.403,31.713
595,595,Emergency Medicine,SONORA COMMUNITY HOSPITAL,678,741,0.721,2.459
596,596,Emergency Medicine,SONORA COMMUNITY HOSPITAL,678,741,0.721,2.459
597,597,Emergency Medicine,SONORA COMMUNITY HOSPITAL,678,741,0.721,2.459
598,598,Ophthalmology,SONORA COMMUNITY HOSPITAL,2178,2867,38.353,47.994
599,599,Ophthalmology,SONORA COMMUNITY HOSPITAL,2178,2867,38.353,47.994
600,600,Ophthalmology,SONORA COMMUNITY HOSPITAL,2178,2867,38.353,47.994
601,601,"Psychologist, Clinical",SONORA COMMUNITY HOSPITAL,21,73,16.63,24.748
602,602,"Psychologist, Clinical",SONORA COMMUNITY HOSPITAL,21,73,16.63,24.748
603,603,"Psychologist, Clinical",SONORA COMMUNITY HOSPITAL,21,73,16.63,24.748
604,604,"Psychologist, Clinical",SONORA COMMUNITY HOSPITAL,21,73,16.63,24.748
605,605,"Psychologist, Clinical",SONORA COMMUNITY HOSPITAL,21,73,16.63,24.748
606,606,"Psychologist, Clinical",SONORA COMMUNITY HOSPITAL,21,73,16.63,24.748
607,607,"Family Medicine, Adult Medicine",SONORA COMMUNITY HOSPITAL,210,480,20.815,40.381
608,608,"Family Medicine, Adult Medicine",SONORA COMMUNITY HOSPITAL,210,480,20.815,40.381
609,609,"Family Medicine, Adult Medicine",SONORA COMMUNITY HOSPITAL,210,480,20.815,40.381
610,610,"Internal Medicine, Pulmonary Disease",SONORA COMMUNITY HOSPITAL,821,2174,9.726,24.784000000000002
611,611,"Internal Medicine, Pulmonary Disease",SONORA COMMUNITY HOSPITAL,821,2174,9.726,24.784000000000002
612,612,"Internal Medicine, Pulmonary Disease",SONORA COMMUNITY HOSPITAL,821,2174,9.726,24.784000000000002
613,613,"Internal Medicine, Pulmonary Disease",SONORA COMMUNITY HOSPITAL,821,2174,9.726,24.784000000000002
614,614,"Internal Medicine, Pulmonary Disease",SONORA COMMUNITY HOSPITAL,821,2174,9.726,24.784000000000002
615,615,"Internal Medicine, Pulmonary Disease",SONORA COMMUNITY HOSPITAL,821,2174,9.726,24.784000000000002
616,616,"Internal Medicine, Nephrology",SONORA COMMUNITY HOSPITAL,90,263,16.680999999999997,29.482
617,617,"Internal Medicine, Nephrology",SONORA COMMUNITY HOSPITAL,90,263,16.680999999999997,29.482
618,618,"Internal Medicine, Nephrology",SONORA COMMUNITY HOSPITAL,90,263,16.680999999999997,29.482
619,619,"Internal Medicine, Nephrology",SONORA COMMUNITY HOSPITAL,90,263,16.680999999999997,29.482
620,620,"Internal Medicine, Nephrology",SONORA COMMUNITY HOSPITAL,90,263,16.680999999999997,29.482
621,621,"Internal Medicine, Nephrology",SONORA COMMUNITY HOSPITAL,90,263,16.680999999999997,29.482
622,622,"Internal Medicine, Hematology & Oncology",SONORA COMMUNITY HOSPITAL,283,1961,5.058,20.354
623,623,"Internal Medicine, Hematology & Oncology",SONORA COMMUNITY HOSPITAL,283,1961,5.058,20.354
624,624,"Internal Medicine, Hematology & Oncology",SONORA COMMUNITY HOSPITAL,283,1961,5.058,20.354
625,625,"Internal Medicine, Hematology & Oncology",SONORA COMMUNITY HOSPITAL,283,1961,5.058,20.354
626,626,"Internal Medicine, Hematology & Oncology",SONORA COMMUNITY HOSPITAL,283,1961,5.058,20.354
627,627,"Internal Medicine, Hematology & Oncology",SONORA COMMUNITY HOSPITAL,283,1961,5.058,20.354
628,628,Hospitalist,SONORA COMMUNITY HOSPITAL,379,561,0.32299999999999995,2.165
629,629,Hospitalist,SONORA COMMUNITY HOSPITAL,379,561,0.32299999999999995,2.165
630,630,Hospitalist,SONORA COMMUNITY HOSPITAL,379,561,0.32299999999999995,2.165
631,631,Neuromusculoskeletal Medicine & OMM,SONORA COMMUNITY HOSPITAL,210,595,0.0,0.0
632,632,Neuromusculoskeletal Medicine & OMM,SONORA COMMUNITY HOSPITAL,210,595,0.0,0.0
633,633,Neuromusculoskeletal Medicine & OMM,SONORA COMMUNITY HOSPITAL,210,595,0.0,0.0
634,634,Physician Assistant,SONORA COMMUNITY HOSPITAL,410,430,10.722999999999999,33.35
635,635,Physician Assistant,SONORA COMMUNITY HOSPITAL,410,430,10.722999999999999,33.35
636,636,Physician Assistant,SONORA COMMUNITY HOSPITAL,410,430,10.722999999999999,33.35
637,637,Internal Medicine,SONORA COMMUNITY HOSPITAL,90,114,0.912,4.65
638,638,Internal Medicine,SONORA COMMUNITY HOSPITAL,90,114,0.912,4.65
639,639,Internal Medicine,SONORA COMMUNITY HOSPITAL,90,114,0.912,4.65
640,640,Orthopedic Surgery,SONORA COMMUNITY HOSPITAL,47,85,24.776,45.368
641,641,Orthopedic Surgery,SONORA COMMUNITY HOSPITAL,47,85,24.776,45.368
642,642,Orthopedic Surgery,SONORA COMMUNITY HOSPITAL,47,85,24.776,45.368
643,643,"Orthopedic Surgery, Adult Reconstructive Orthopedic Surgery",SONORA COMMUNITY HOSPITAL,47,85,24.776,45.368
644,644,"Orthopedic Surgery, Adult Reconstructive Orthopedic Surgery",SONORA COMMUNITY HOSPITAL,47,85,24.776,45.368
645,645,"Orthopedic Surgery, Adult Reconstructive Orthopedic Surgery",SONORA COMMUNITY HOSPITAL,47,85,24.776,45.368
646,646,"Internal Medicine, Cardiovascular Disease",SONORA COMMUNITY HOSPITAL,55,92,39.836999999999996,51.463
647,647,"Internal Medicine, Cardiovascular Disease",SONORA COMMUNITY HOSPITAL,55,92,39.836999999999996,51.463
648,648,"Internal Medicine, Cardiovascular Disease",SONORA COMMUNITY HOSPITAL,55,92,39.836999999999996,51.463
649,649,"Internal Medicine, Cardiovascular Disease",SONORA COMMUNITY HOSPITAL,55,92,39.836999999999996,51.463
650,650,"Internal Medicine, Cardiovascular Disease",SONORA COMMUNITY HOSPITAL,55,92,39.836999999999996,51.463
651,651,"Internal Medicine, Cardiovascular Disease",SONORA COMMUNITY HOSPITAL,55,92,39.836999999999996,51.463
652,652,"Radiology, Diagnostic Radiology",SONORA COMMUNITY HOSPITAL,109,118,37.924,55.69
653,653,"Radiology, Diagnostic Radiology",SONORA COMMUNITY HOSPITAL,109,118,37.924,55.69
654,654,"Radiology, Diagnostic Radiology",SONORA COMMUNITY HOSPITAL,109,118,37.924,55.69
655,655,Family Medicine,SONORA COMMUNITY HOSPITAL,178,336,25.253,41.882
656,656,Family Medicine,SONORA COMMUNITY HOSPITAL,178,336,25.253,41.882
657,657,Family Medicine,SONORA COMMUNITY HOSPITAL,178,336,25.253,41.882
658,658,Neurological Surgery,SONORA COMMUNITY HOSPITAL,36,58,28.121,42.57
659,659,Neurological Surgery,SONORA COMMUNITY HOSPITAL,36,58,28.121,42.57
660,660,Neurological Surgery,SONORA COMMUNITY HOSPITAL,36,58,28.121,42.57
661,661,Neurological Surgery,SONORA COMMUNITY HOSPITAL,36,58,28.121,42.57
662,662,Neurological Surgery,SONORA COMMUNITY HOSPITAL,36,58,28.121,42.57
663,663,Neurological Surgery,SONORA COMMUNITY HOSPITAL,36,58,28.121,42.57
664,664,Internal Medicine,SONORA COMMUNITY HOSPITAL,149,237,0.063,0.6890000000000001
665,665,Internal Medicine,SONORA COMMUNITY HOSPITAL,149,237,0.063,0.6890000000000001
666,666,Internal Medicine,SONORA COMMUNITY HOSPITAL,149,237,0.063,0.6890000000000001
667,667,"Physician Assistant, Surgical",SONORA COMMUNITY HOSPITAL,155,199,1.01,7.401
668,668,"Physician Assistant, Surgical",SONORA COMMUNITY HOSPITAL,155,199,1.01,7.401
669,669,"Physician Assistant, Surgical",SONORA COMMUNITY HOSPITAL,155,199,1.01,7.401
670,670,"Nurse Practitioner, Family",SONORA COMMUNITY HOSPITAL,674,718,9.203,29.746
671,671,"Nurse Practitioner, Family",SONORA COMMUNITY HOSPITAL,674,718,9.203,29.746
672,672,"Nurse Practitioner, Family",SONORA COMMUNITY HOSPITAL,674,718,9.203,29.746
673,673,Emergency Medicine,SONORA COMMUNITY HOSPITAL,788,901,0.789,5.986000000000001
674,674,Emergency Medicine,SONORA COMMUNITY HOSPITAL,788,901,0.789,5.986000000000001
675,675,Emergency Medicine,SONORA COMMUNITY HOSPITAL,788,901,0.789,5.986000000000001
676,676,Internal Medicine,SONORA COMMUNITY HOSPITAL,345,551,0.16699999999999998,0.636
677,677,Internal Medicine,SONORA COMMUNITY HOSPITAL,345,551,0.16699999999999998,0.636
678,678,Internal Medicine,SONORA COMMUNITY HOSPITAL,345,551,0.16699999999999998,0.636
679,679,Internal Medicine,SONORA COMMUNITY HOSPITAL,256,506,0.059000000000000004,0.35700000000000004
680,680,Internal Medicine,SONORA COMMUNITY HOSPITAL,256,506,0.059000000000000004,0.35700000000000004
681,681,Internal Medicine,SONORA COMMUNITY HOSPITAL,256,506,0.059000000000000004,0.35700000000000004
682,682,"Internal Medicine, Nephrology",SONORA COMMUNITY HOSPITAL,67,170,22.465,31.162
683,683,"Internal Medicine, Nephrology",SONORA COMMUNITY HOSPITAL,67,170,22.465,31.162
684,684,"Internal Medicine, Nephrology",SONORA COMMUNITY HOSPITAL,67,170,22.465,31.162
685,685,"Internal Medicine, Nephrology",SONORA COMMUNITY HOSPITAL,67,170,22.465,31.162
686,686,"Internal Medicine, Nephrology",SONORA COMMUNITY HOSPITAL,67,170,22.465,31.162
687,687,"Internal Medicine, Nephrology",SONORA COMMUNITY HOSPITAL,67,170,22.465,31.162
688,688,Orthopedic Surgery,SONORA COMMUNITY HOSPITAL,488,1265,0.212,3.406
689,689,Orthopedic Surgery,SONORA COMMUNITY HOSPITAL,488,1265,0.212,3.406
690,690,Orthopedic Surgery,SONORA COMMUNITY HOSPITAL,488,1265,0.212,3.406
691,691,Orthopedic Surgery,SONORA COMMUNITY HOSPITAL,488,1265,0.212,3.406
692,692,Orthopedic Surgery,SONORA COMMUNITY HOSPITAL,488,1265,0.212,3.406
693,693,Orthopedic Surgery,SONORA COMMUNITY HOSPITAL,488,1265,0.212,3.406
694,694,"Internal Medicine, Cardiovascular Disease",SONORA COMMUNITY HOSPITAL,67,114,19.509,25.375
695,695,"Internal Medicine, Cardiovascular Disease",SONORA COMMUNITY HOSPITAL,67,114,19.509,25.375
696,696,"Internal Medicine, Cardiovascular Disease",SONORA COMMUNITY HOSPITAL,67,114,19.509,25.375
697,697,"Internal Medicine, Cardiovascular Disease",SONORA COMMUNITY HOSPITAL,67,114,19.509,25.375
698,698,"Internal Medicine, Cardiovascular Disease",SONORA COMMUNITY HOSPITAL,67,114,19.509,25.375
699,699,"Internal Medicine, Cardiovascular Disease",SONORA COMMUNITY HOSPITAL,67,114,19.509,25.375
700,700,"Family Medicine, Adult Medicine",SONORA COMMUNITY HOSPITAL,397,1076,12.318,24.303
701,701,"Family Medicine, Adult Medicine",SONORA COMMUNITY HOSPITAL,397,1076,12.318,24.303
702,702,"Family Medicine, Adult Medicine",SONORA COMMUNITY HOSPITAL,397,1076,12.318,24.303
703,703,"Pathology, Anatomic Pathology & Clinical Pathology",SONORA COMMUNITY HOSPITAL,54,54,35.907,43.308
704,704,"Pathology, Anatomic Pathology & Clinical Pathology",SONORA COMMUNITY HOSPITAL,54,54,35.907,43.308
705,705,"Pathology, Anatomic Pathology & Clinical Pathology",SONORA COMMUNITY HOSPITAL,54,54,35.907,43.308
706,706,Internal Medicine,SONORA COMMUNITY HOSPITAL,788,4221,0.196,4.363
707,707,Internal Medicine,SONORA COMMUNITY HOSPITAL,788,4221,0.196,4.363
708,708,Internal Medicine,SONORA COMMUNITY HOSPITAL,788,4221,0.196,4.363
709,709,Internal Medicine,SONORA COMMUNITY HOSPITAL,627,1616,16.42,29.324
710,710,Internal Medicine,SONORA COMMUNITY HOSPITAL,627,1616,16.42,29.324
711,711,Internal Medicine,SONORA COMMUNITY HOSPITAL,627,1616,16.42,29.324
712,712,Physical Therapist,SONORA COMMUNITY HOSPITAL,103,216,24.065,41.909
713,713,Physical Therapist,SONORA COMMUNITY HOSPITAL,103,216,24.065,41.909
714,714,Physical Therapist,SONORA COMMUNITY HOSPITAL,103,216,24.065,41.909
715,715,Physician Assistant,SONORA COMMUNITY HOSPITAL,47,59,26.458000000000002,34.152
716,716,Physician Assistant,SONORA COMMUNITY HOSPITAL,47,59,26.458000000000002,34.152
717,717,Physician Assistant,SONORA COMMUNITY HOSPITAL,47,59,26.458000000000002,34.152
718,718,Family Medicine,SONORA COMMUNITY HOSPITAL,265,596,19.826,39.928000000000004
719,719,Family Medicine,SONORA COMMUNITY HOSPITAL,265,596,19.826,39.928000000000004
720,720,Family Medicine,SONORA COMMUNITY HOSPITAL,265,596,19.826,39.928000000000004
721,721,Orthopedic Surgery,SONORA COMMUNITY HOSPITAL,50,95,16.158,23.928
722,722,Orthopedic Surgery,SONORA COMMUNITY HOSPITAL,50,95,16.158,23.928
723,723,Orthopedic Surgery,SONORA COMMUNITY HOSPITAL,50,95,16.158,23.928
724,724,Orthopedic Surgery,SONORA COMMUNITY HOSPITAL,50,95,16.158,23.928
725,725,Orthopedic Surgery,SONORA COMMUNITY HOSPITAL,50,95,16.158,23.928
726,726,Orthopedic Surgery,SONORA COMMUNITY HOSPITAL,50,95,16.158,23.928
727,727,Emergency Medicine,SONORA COMMUNITY HOSPITAL,52,55,16.455,47.08
728,728,Emergency Medicine,SONORA COMMUNITY HOSPITAL,52,55,16.455,47.08
729,729,Emergency Medicine,SONORA COMMUNITY HOSPITAL,52,55,16.455,47.08
730,730,Family Medicine,SONORA COMMUNITY HOSPITAL,312,672,0.016,0.301
731,731,Family Medicine,SONORA COMMUNITY HOSPITAL,312,672,0.016,0.301
732,732,Family Medicine,SONORA COMMUNITY HOSPITAL,312,672,0.016,0.301
733,733,"Nurse Practitioner, Family",SONORA COMMUNITY HOSPITAL,642,736,4.622,18.399
734,734,"Nurse Practitioner, Family",SONORA COMMUNITY HOSPITAL,642,736,4.622,18.399
735,735,"Nurse Practitioner, Family",SONORA COMMUNITY HOSPITAL,642,736,4.622,18.399
736,736,Psychiatry,SONORA COMMUNITY HOSPITAL,70,121,34.05,39.86
737,737,Psychiatry,SONORA COMMUNITY HOSPITAL,70,121,34.05,39.86
738,738,Psychiatry,SONORA COMMUNITY HOSPITAL,70,121,34.05,39.86
739,739," Psychiatry & Neurology, Psychiatry",SONORA COMMUNITY HOSPITAL,70,121,34.05,39.86
740,740," Psychiatry & Neurology, Psychiatry",SONORA COMMUNITY HOSPITAL,70,121,34.05,39.86
741,741," Psychiatry & Neurology, Psychiatry",SONORA COMMUNITY HOSPITAL,70,121,34.05,39.86
742,742,Physician Assistant,SONORA COMMUNITY HOSPITAL,36,58,47.224,59.108000000000004
743,743,Physician Assistant,SONORA COMMUNITY HOSPITAL,36,58,47.224,59.108000000000004
744,744,Physician Assistant,SONORA COMMUNITY HOSPITAL,36,58,47.224,59.108000000000004
745,745,"Internal Medicine, Critical Care Medicine",SONORA COMMUNITY HOSPITAL,806,2207,0.013000000000000001,0.332
746,746,"Internal Medicine, Critical Care Medicine",SONORA COMMUNITY HOSPITAL,806,2207,0.013000000000000001,0.332
747,747,"Internal Medicine, Critical Care Medicine",SONORA COMMUNITY HOSPITAL,806,2207,0.013000000000000001,0.332
748,748,"Internal Medicine, Critical Care Medicine",SONORA COMMUNITY HOSPITAL,806,2207,0.013000000000000001,0.332
749,749,"Internal Medicine, Critical Care Medicine",SONORA COMMUNITY HOSPITAL,806,2207,0.013000000000000001,0.332
750,750,"Internal Medicine, Critical Care Medicine",SONORA COMMUNITY HOSPITAL,806,2207,0.013000000000000001,0.332
751,751,"Social Worker, Clinical",SONORA COMMUNITY HOSPITAL,52,152,15.513,30.695
752,752,"Social Worker, Clinical",SONORA COMMUNITY HOSPITAL,52,152,15.513,30.695
753,753,"Social Worker, Clinical",SONORA COMMUNITY HOSPITAL,52,152,15.513,30.695
754,754,Physical Therapist,SONORA COMMUNITY HOSPITAL,285,643,17.092,30.815
755,755,Physical Therapist,SONORA COMMUNITY HOSPITAL,285,643,17.092,30.815
756,756,Physical Therapist,SONORA COMMUNITY HOSPITAL,285,643,17.092,30.815
757,757,"Nurse Practitioner, Family",SONORA COMMUNITY HOSPITAL,355,855,6.556,25.139
758,758,"Nurse Practitioner, Family",SONORA COMMUNITY HOSPITAL,355,855,6.556,25.139
759,759,"Nurse Practitioner, Family",SONORA COMMUNITY HOSPITAL,355,855,6.556,25.139
760,760,Urology,SONORA COMMUNITY HOSPITAL,1296,3184,16.519000000000002,35.299
761,761,Urology,SONORA COMMUNITY HOSPITAL,1296,3184,16.519000000000002,35.299
762,762,Urology,SONORA COMMUNITY HOSPITAL,1296,3184,16.519000000000002,35.299
763,763,Chiropractor,SONORA COMMUNITY HOSPITAL,153,519,15.870999999999999,33.312
764,764,Chiropractor,SONORA COMMUNITY HOSPITAL,153,519,15.870999999999999,33.312
765,765,Chiropractor,SONORA COMMUNITY HOSPITAL,153,519,15.870999999999999,33.312
766,766,"Internal Medicine, Cardiovascular Disease",SONORA COMMUNITY HOSPITAL,74,132,20.03,23.404
767,767,"Internal Medicine, Cardiovascular Disease",SONORA COMMUNITY HOSPITAL,74,132,20.03,23.404
768,768,"Internal Medicine, Cardiovascular Disease",SONORA COMMUNITY HOSPITAL,74,132,20.03,23.404
769,769,"Internal Medicine, Cardiovascular Disease",SONORA COMMUNITY HOSPITAL,74,132,20.03,23.404
770,770,"Internal Medicine, Cardiovascular Disease",SONORA COMMUNITY HOSPITAL,74,132,20.03,23.404
771,771,"Internal Medicine, Cardiovascular Disease",SONORA COMMUNITY HOSPITAL,74,132,20.03,23.404
772,772,"Nurse Practitioner, Family",SONORA COMMUNITY HOSPITAL,303,721,0.258,4.355
773,773,"Nurse Practitioner, Family",SONORA COMMUNITY HOSPITAL,303,721,0.258,4.355
774,774,"Nurse Practitioner, Family",SONORA COMMUNITY HOSPITAL,303,721,0.258,4.355
775,775,"Psychiatry and Neurology, Neurology",SONORA COMMUNITY HOSPITAL,110,157,37.834,57.869
776,776,"Psychiatry and Neurology, Neurology",SONORA COMMUNITY HOSPITAL,110,157,37.834,57.869
777,777,"Psychiatry and Neurology, Neurology",SONORA COMMUNITY HOSPITAL,110,157,37.834,57.869
778,778," Psychiatry & Neurology, Neurology",SONORA COMMUNITY HOSPITAL,110,157,37.834,57.869
779,779," Psychiatry & Neurology, Neurology",SONORA COMMUNITY HOSPITAL,110,157,37.834,57.869
780,780," Psychiatry & Neurology, Neurology",SONORA COMMUNITY HOSPITAL,110,157,37.834,57.869
781,781,Internal Medicine,SONORA COMMUNITY HOSPITAL,25,63,11.857000000000001,24.414
782,782,Internal Medicine,SONORA COMMUNITY HOSPITAL,25,63,11.857000000000001,24.414
783,783,Internal Medicine,SONORA COMMUNITY HOSPITAL,25,63,11.857000000000001,24.414
784,784,"Psychiatry and Neurology, Neurology",SONORA COMMUNITY HOSPITAL,47,62,33.839,47.413999999999994
785,785,"Psychiatry and Neurology, Neurology",SONORA COMMUNITY HOSPITAL,47,62,33.839,47.413999999999994
786,786,"Psychiatry and Neurology, Neurology",SONORA COMMUNITY HOSPITAL,47,62,33.839,47.413999999999994
787,787," Psychiatry & Neurology, Neurology",SONORA COMMUNITY HOSPITAL,47,62,33.839,47.413999999999994
788,788," Psychiatry & Neurology, Neurology",SONORA COMMUNITY HOSPITAL,47,62,33.839,47.413999999999994
789,789," Psychiatry & Neurology, Neurology",SONORA COMMUNITY HOSPITAL,47,62,33.839,47.413999999999994
790,790,Podiatrist,SONORA COMMUNITY HOSPITAL,61,95,38.179,41.65
791,791,Podiatrist,SONORA COMMUNITY HOSPITAL,61,95,38.179,41.65
792,792,Podiatrist,SONORA COMMUNITY HOSPITAL,61,95,38.179,41.65
793,793,Physical Therapist,SONORA COMMUNITY HOSPITAL,48,140,20.114,41.571999999999996
794,794,Physical Therapist,SONORA COMMUNITY HOSPITAL,48,140,20.114,41.571999999999996
795,795,Physical Therapist,SONORA COMMUNITY HOSPITAL,48,140,20.114,41.571999999999996
796,796,Orthopedic Surgery,SONORA COMMUNITY HOSPITAL,44,74,27.203000000000003,52.871
797,797,Orthopedic Surgery,SONORA COMMUNITY HOSPITAL,44,74,27.203000000000003,52.871
798,798,Orthopedic Surgery,SONORA COMMUNITY HOSPITAL,44,74,27.203000000000003,52.871
799,799,Orthopedic Surgery,SONORA COMMUNITY HOSPITAL,44,74,27.203000000000003,52.871
800,800,Orthopedic Surgery,SONORA COMMUNITY HOSPITAL,44,74,27.203000000000003,52.871
801,801,Orthopedic Surgery,SONORA COMMUNITY HOSPITAL,44,74,27.203000000000003,52.871
802,802,Emergency Medicine,SONORA COMMUNITY HOSPITAL,59,62,9.113,30.638
803,803,Emergency Medicine,SONORA COMMUNITY HOSPITAL,59,62,9.113,30.638
804,804,Emergency Medicine,SONORA COMMUNITY HOSPITAL,59,62,9.113,30.638
805,805,Family Medicine,SONORA COMMUNITY HOSPITAL,211,217,38.152,45.858000000000004
806,806,Family Medicine,SONORA COMMUNITY HOSPITAL,211,217,38.152,45.858000000000004
807,807,Family Medicine,SONORA COMMUNITY HOSPITAL,211,217,38.152,45.858000000000004
808,808,"Psychologist, Clinical",SONORA COMMUNITY HOSPITAL,32,132,12.075999999999999,10.375
809,809,"Psychologist, Clinical",SONORA COMMUNITY HOSPITAL,32,132,12.075999999999999,10.375
810,810,"Psychologist, Clinical",SONORA COMMUNITY HOSPITAL,32,132,12.075999999999999,10.375
811,811,"Psychologist, Clinical",SONORA COMMUNITY HOSPITAL,32,132,12.075999999999999,10.375
812,812,"Psychologist, Clinical",SONORA COMMUNITY HOSPITAL,32,132,12.075999999999999,10.375
813,813,"Psychologist, Clinical",SONORA COMMUNITY HOSPITAL,32,132,12.075999999999999,10.375
814,814,"Internal Medicine, Rheumatology",SONORA COMMUNITY HOSPITAL,96,424,10.458,20.246
815,815,"Internal Medicine, Rheumatology",SONORA COMMUNITY HOSPITAL,96,424,10.458,20.246
816,816,"Internal Medicine, Rheumatology",SONORA COMMUNITY HOSPITAL,96,424,10.458,20.246
817,817,"Internal Medicine, Rheumatology",SONORA COMMUNITY HOSPITAL,96,424,10.458,20.246
818,818,"Internal Medicine, Rheumatology",SONORA COMMUNITY HOSPITAL,96,424,10.458,20.246
819,819,"Internal Medicine, Rheumatology",SONORA COMMUNITY HOSPITAL,96,424,10.458,20.246
820,820,Ophthalmology,SONORA COMMUNITY HOSPITAL,75,139,29.763,30.041999999999998
821,821,Ophthalmology,SONORA COMMUNITY HOSPITAL,75,139,29.763,30.041999999999998
822,822,Ophthalmology,SONORA COMMUNITY HOSPITAL,75,139,29.763,30.041999999999998
823,823,Internal Medicine,SONORA COMMUNITY HOSPITAL,246,1112,6.001,21.011999999999997
824,824,Internal Medicine,SONORA COMMUNITY HOSPITAL,246,1112,6.001,21.011999999999997
825,825,Internal Medicine,SONORA COMMUNITY HOSPITAL,246,1112,6.001,21.011999999999997
826,826,Emergency Medicine,SONORA COMMUNITY HOSPITAL,648,742,0.838,5.443
827,827,Emergency Medicine,SONORA COMMUNITY HOSPITAL,648,742,0.838,5.443
828,828,Emergency Medicine,SONORA COMMUNITY HOSPITAL,648,742,0.838,5.443
829,829,"Internal Medicine, Gastroenterology",SONORA COMMUNITY HOSPITAL,235,346,0.0,0.0
830,830,"Internal Medicine, Gastroenterology",SONORA COMMUNITY HOSPITAL,235,346,0.0,0.0
831,831,"Internal Medicine, Gastroenterology",SONORA COMMUNITY HOSPITAL,235,346,0.0,0.0
832,832,"Internal Medicine, Gastroenterology",SONORA COMMUNITY HOSPITAL,235,346,0.0,0.0
833,833,"Internal Medicine, Gastroenterology",SONORA COMMUNITY HOSPITAL,235,346,0.0,0.0
834,834,"Internal Medicine, Gastroenterology",SONORA COMMUNITY HOSPITAL,235,346,0.0,0.0
835,835,Chiropractor,SONORA COMMUNITY HOSPITAL,98,194,22.737,31.497
836,836,Chiropractor,SONORA COMMUNITY HOSPITAL,98,194,22.737,31.497
837,837,Chiropractor,SONORA COMMUNITY HOSPITAL,98,194,22.737,31.497
838,838,Internal Medicine,SONORA COMMUNITY HOSPITAL,106,184,30.701,44.513999999999996
839,839,Internal Medicine,SONORA COMMUNITY HOSPITAL,106,184,30.701,44.513999999999996
840,840,Internal Medicine,SONORA COMMUNITY HOSPITAL,106,184,30.701,44.513999999999996
841,841,"Psychologist, Clinical",SONORA COMMUNITY HOSPITAL,23,85,14.635,23.428
842,842,"Psychologist, Clinical",SONORA COMMUNITY HOSPITAL,23,85,14.635,23.428
843,843,"Psychologist, Clinical",SONORA COMMUNITY HOSPITAL,23,85,14.635,23.428
844,844,"Psychologist, Clinical",SONORA COMMUNITY HOSPITAL,23,85,14.635,23.428
845,845,"Psychologist, Clinical",SONORA COMMUNITY HOSPITAL,23,85,14.635,23.428
846,846,"Psychologist, Clinical",SONORA COMMUNITY HOSPITAL,23,85,14.635,23.428
847,847,Orthopedic Surgery,SONORA COMMUNITY HOSPITAL,508,2073,0.049,0.8390000000000001
848,848,Orthopedic Surgery,SONORA COMMUNITY HOSPITAL,508,2073,0.049,0.8390000000000001
849,849,Orthopedic Surgery,SONORA COMMUNITY HOSPITAL,508,2073,0.049,0.8390000000000001
850,850,Orthopedic Surgery,SONORA COMMUNITY HOSPITAL,508,2073,0.049,0.8390000000000001
851,851,Orthopedic Surgery,SONORA COMMUNITY HOSPITAL,508,2073,0.049,0.8390000000000001
852,852,Orthopedic Surgery,SONORA COMMUNITY HOSPITAL,508,2073,0.049,0.8390000000000001
853,853,Family Medicine,SONORA COMMUNITY HOSPITAL,62,111,24.685,34.225
854,854,Family Medicine,SONORA COMMUNITY HOSPITAL,62,111,24.685,34.225
855,855,Family Medicine,SONORA COMMUNITY HOSPITAL,62,111,24.685,34.225
856,856,"Nurse Practitioner, Family",SONORA COMMUNITY HOSPITAL,122,134,0.0,0.0
857,857,"Nurse Practitioner, Family",SONORA COMMUNITY HOSPITAL,122,134,0.0,0.0
858,858,"Nurse Practitioner, Family",SONORA COMMUNITY HOSPITAL,122,134,0.0,0.0
859,859,"Radiology, Diagnostic Radiology",SONORA COMMUNITY HOSPITAL,666,702,2.199,12.55
860,860,"Radiology, Diagnostic Radiology",SONORA COMMUNITY HOSPITAL,666,702,2.199,12.55
861,861,"Radiology, Diagnostic Radiology",SONORA COMMUNITY HOSPITAL,666,702,2.199,12.55
862,862,Emergency Medicine,SONORA COMMUNITY HOSPITAL,241,308,1.857,13.751
863,863,Emergency Medicine,SONORA COMMUNITY HOSPITAL,241,308,1.857,13.751
864,864,Emergency Medicine,SONORA COMMUNITY HOSPITAL,241,308,1.857,13.751
865,865,Chiropractor,SONORA COMMUNITY HOSPITAL,91,208,18.558,29.929000000000002
866,866,Chiropractor,SONORA COMMUNITY HOSPITAL,91,208,18.558,29.929000000000002
867,867,Chiropractor,SONORA COMMUNITY HOSPITAL,91,208,18.558,29.929000000000002
868,868,Internal Medicine,SONORA COMMUNITY HOSPITAL,309,773,21.035999999999998,35.794000000000004
869,869,Internal Medicine,SONORA COMMUNITY HOSPITAL,309,773,21.035999999999998,35.794000000000004
870,870,Internal Medicine,SONORA COMMUNITY HOSPITAL,309,773,21.035999999999998,35.794000000000004
871,871,Ophthalmology,SONORA COMMUNITY HOSPITAL,287,519,33.291,41.56399999999999
872,872,Ophthalmology,SONORA COMMUNITY HOSPITAL,287,519,33.291,41.56399999999999
873,873,Ophthalmology,SONORA COMMUNITY HOSPITAL,287,519,33.291,41.56399999999999
874,874,Family Medicine,SONORA COMMUNITY HOSPITAL,22,65,10.754000000000001,17.504
875,875,Family Medicine,SONORA COMMUNITY HOSPITAL,22,65,10.754000000000001,17.504
876,876,Family Medicine,SONORA COMMUNITY HOSPITAL,22,65,10.754000000000001,17.504
877,877,Emergency Medicine,SONORA COMMUNITY HOSPITAL,863,1025,1.067,7.221
878,878,Emergency Medicine,SONORA COMMUNITY HOSPITAL,863,1025,1.067,7.221
879,879,Emergency Medicine,SONORA COMMUNITY HOSPITAL,863,1025,1.067,7.221
880,880,Emergency Medicine,SONORA COMMUNITY HOSPITAL,972,1101,2.213,12.940999999999999
881,881,Emergency Medicine,SONORA COMMUNITY HOSPITAL,972,1101,2.213,12.940999999999999
882,882,Emergency Medicine,SONORA COMMUNITY HOSPITAL,972,1101,2.213,12.940999999999999
883,883,Otolaryngology,SONORA COMMUNITY HOSPITAL,800,3139,0.034,1.367
884,884,Otolaryngology,SONORA COMMUNITY HOSPITAL,800,3139,0.034,1.367
885,885,Otolaryngology,SONORA COMMUNITY HOSPITAL,800,3139,0.034,1.367
886,886,Internal Medicine,SONORA COMMUNITY HOSPITAL,307,409,0.381,1.2990000000000002
887,887,Internal Medicine,SONORA COMMUNITY HOSPITAL,307,409,0.381,1.2990000000000002
888,888,Internal Medicine,SONORA COMMUNITY HOSPITAL,307,409,0.381,1.2990000000000002
889,889,Emergency Medicine,SONORA COMMUNITY HOSPITAL,158,165,0.667,1.8780000000000001
890,890,Emergency Medicine,SONORA COMMUNITY HOSPITAL,158,165,0.667,1.8780000000000001
891,891,Emergency Medicine,SONORA COMMUNITY HOSPITAL,158,165,0.667,1.8780000000000001
892,892,Internal Medicine,SONORA COMMUNITY HOSPITAL,336,974,17.195999999999998,36.106
893,893,Internal Medicine,SONORA COMMUNITY HOSPITAL,336,974,17.195999999999998,36.106
894,894,Internal Medicine,SONORA COMMUNITY HOSPITAL,336,974,17.195999999999998,36.106
895,895,Hospitalist,SONORA COMMUNITY HOSPITAL,97,106,1.925,11.203
896,896,Hospitalist,SONORA COMMUNITY HOSPITAL,97,106,1.925,11.203
897,897,Hospitalist,SONORA COMMUNITY HOSPITAL,97,106,1.925,11.203
898,898,Surgery,SONORA COMMUNITY HOSPITAL,292,1718,0.271,6.707000000000001
899,899,Surgery,SONORA COMMUNITY HOSPITAL,292,1718,0.271,6.707000000000001
900,900,Surgery,SONORA COMMUNITY HOSPITAL,292,1718,0.271,6.707000000000001
901,901,Family Medicine,SONORA COMMUNITY HOSPITAL,286,994,6.996,16.537
902,902,Family Medicine,SONORA COMMUNITY HOSPITAL,286,994,6.996,16.537
903,903,Family Medicine,SONORA COMMUNITY HOSPITAL,286,994,6.996,16.537
904,904,"Radiology, Diagnostic Radiology",SONORA COMMUNITY HOSPITAL,742,782,1.807,14.700999999999999
905,905,"Radiology, Diagnostic Radiology",SONORA COMMUNITY HOSPITAL,742,782,1.807,14.700999999999999
906,906,"Radiology, Diagnostic Radiology",SONORA COMMUNITY HOSPITAL,742,782,1.807,14.700999999999999
907,907,Ophthalmology,SONORA COMMUNITY HOSPITAL,28,59,39.492,45.688
908,908,Ophthalmology,SONORA COMMUNITY HOSPITAL,28,59,39.492,45.688
909,909,Ophthalmology,SONORA COMMUNITY HOSPITAL,28,59,39.492,45.688
910,910,Ophthalmology,SONORA COMMUNITY HOSPITAL,60,137,27.686,38.469
911,911,Ophthalmology,SONORA COMMUNITY HOSPITAL,60,137,27.686,38.469
912,912,Ophthalmology,SONORA COMMUNITY HOSPITAL,60,137,27.686,38.469
913,913,Ophthalmology,SONORA COMMUNITY HOSPITAL,29,57,42.316,44.657
914,914,Ophthalmology,SONORA COMMUNITY HOSPITAL,29,57,42.316,44.657
915,915,Ophthalmology,SONORA COMMUNITY HOSPITAL,29,57,42.316,44.657
916,916,Ophthalmology,SONORA COMMUNITY HOSPITAL,49,86,36.942,49.115
917,917,Ophthalmology,SONORA COMMUNITY HOSPITAL,49,86,36.942,49.115
918,918,Ophthalmology,SONORA COMMUNITY HOSPITAL,49,86,36.942,49.115
919,919,Nurse Practitioner,SONORA COMMUNITY HOSPITAL,49,101,2.079,8.875
920,920,Nurse Practitioner,SONORA COMMUNITY HOSPITAL,49,101,2.079,8.875
921,921,Nurse Practitioner,SONORA COMMUNITY HOSPITAL,49,101,2.079,8.875
922,922,Chiropractor,SONORA COMMUNITY HOSPITAL,91,193,25.730999999999998,37.999
923,923,Chiropractor,SONORA COMMUNITY HOSPITAL,91,193,25.730999999999998,37.999
924,924,Chiropractor,SONORA COMMUNITY HOSPITAL,91,193,25.730999999999998,37.999
925,925,Chiropractor,SONORA COMMUNITY HOSPITAL,25,56,19.410999999999998,30.514
926,926,Chiropractor,SONORA COMMUNITY HOSPITAL,25,56,19.410999999999998,30.514
927,927,Chiropractor,SONORA COMMUNITY HOSPITAL,25,56,19.410999999999998,30.514
928,928,"Nurse Practitioner, Family",SONORA COMMUNITY HOSPITAL,110,149,48.638000000000005,56.497
929,929,"Nurse Practitioner, Family",SONORA COMMUNITY HOSPITAL,110,149,48.638000000000005,56.497
930,930,"Nurse Practitioner, Family",SONORA COMMUNITY HOSPITAL,110,149,48.638000000000005,56.497
931,931,Emergency Medicine,SONORA COMMUNITY HOSPITAL,172,183,0.32799999999999996,1.115
932,932,Emergency Medicine,SONORA COMMUNITY HOSPITAL,172,183,0.32799999999999996,1.115
933,933,Emergency Medicine,SONORA COMMUNITY HOSPITAL,172,183,0.32799999999999996,1.115
934,934,"Internal Medicine, Hematology & Oncology",SONORA COMMUNITY HOSPITAL,243,796,3.7110000000000003,10.993
935,935,"Internal Medicine, Hematology & Oncology",SONORA COMMUNITY HOSPITAL,243,796,3.7110000000000003,10.993
936,936,"Internal Medicine, Hematology & Oncology",SONORA COMMUNITY HOSPITAL,243,796,3.7110000000000003,10.993
937,937,"Internal Medicine, Hematology & Oncology",SONORA COMMUNITY HOSPITAL,243,796,3.7110000000000003,10.993
938,938,"Internal Medicine, Hematology & Oncology",SONORA COMMUNITY HOSPITAL,243,796,3.7110000000000003,10.993
939,939,"Internal Medicine, Hematology & Oncology",SONORA COMMUNITY HOSPITAL,243,796,3.7110000000000003,10.993
940,940,Physical Therapist,SONORA COMMUNITY HOSPITAL,99,269,15.814,32.147
941,941,Physical Therapist,SONORA COMMUNITY HOSPITAL,99,269,15.814,32.147
942,942,Physical Therapist,SONORA COMMUNITY HOSPITAL,99,269,15.814,32.147
943,943,Surgery,SONORA COMMUNITY HOSPITAL,88,140,0.036000000000000004,0.423
944,944,Surgery,SONORA COMMUNITY HOSPITAL,88,140,0.036000000000000004,0.423
945,945,Surgery,SONORA COMMUNITY HOSPITAL,88,140,0.036000000000000004,0.423
946,946,Orthopedic Surgery,SONORA COMMUNITY HOSPITAL,42,67,34.537,60.919
947,947,Orthopedic Surgery,SONORA COMMUNITY HOSPITAL,42,67,34.537,60.919
948,948,Orthopedic Surgery,SONORA COMMUNITY HOSPITAL,42,67,34.537,60.919
949,949,"Orthopedic Surgery, Adult Reconstructive Orthopedic Surgery",SONORA COMMUNITY HOSPITAL,42,67,34.537,60.919
950,950,"Orthopedic Surgery, Adult Reconstructive Orthopedic Surgery",SONORA COMMUNITY HOSPITAL,42,67,34.537,60.919
951,951,"Orthopedic Surgery, Adult Reconstructive Orthopedic Surgery",SONORA COMMUNITY HOSPITAL,42,67,34.537,60.919
952,952,"Internal Medicine, Cardiovascular Disease",SONORA COMMUNITY HOSPITAL,37,54,46.315,72.374
953,953,"Internal Medicine, Cardiovascular Disease",SONORA COMMUNITY HOSPITAL,37,54,46.315,72.374
954,954,"Internal Medicine, Cardiovascular Disease",SONORA COMMUNITY HOSPITAL,37,54,46.315,72.374
955,955,"Internal Medicine, Cardiovascular Disease",SONORA COMMUNITY HOSPITAL,37,54,46.315,72.374
956,956,"Internal Medicine, Cardiovascular Disease",SONORA COMMUNITY HOSPITAL,37,54,46.315,72.374
957,957,"Internal Medicine, Cardiovascular Disease",SONORA COMMUNITY HOSPITAL,37,54,46.315,72.374
958,958,Orthopedic Surgery,SONORA COMMUNITY HOSPITAL,105,156,44.108999999999995,61.425
959,959,Orthopedic Surgery,SONORA COMMUNITY HOSPITAL,105,156,44.108999999999995,61.425
960,960,Orthopedic Surgery,SONORA COMMUNITY HOSPITAL,105,156,44.108999999999995,61.425
961,961,Orthopedic Surgery,SONORA COMMUNITY HOSPITAL,105,156,44.108999999999995,61.425
962,962,Orthopedic Surgery,SONORA COMMUNITY HOSPITAL,105,156,44.108999999999995,61.425
963,963,Orthopedic Surgery,SONORA COMMUNITY HOSPITAL,105,156,44.108999999999995,61.425
964,964,"Radiology, Diagnostic Radiology",SONORA COMMUNITY HOSPITAL,55,57,40.614000000000004,53.652
965,965,"Radiology, Diagnostic Radiology",SONORA COMMUNITY HOSPITAL,55,57,40.614000000000004,53.652
966,966,"Radiology, Diagnostic Radiology",SONORA COMMUNITY HOSPITAL,55,57,40.614000000000004,53.652
967,967,"Internal Medicine, Cardiovascular Disease",SONORA COMMUNITY HOSPITAL,63,103,32.408,38.159
968,968,"Internal Medicine, Cardiovascular Disease",SONORA COMMUNITY HOSPITAL,63,103,32.408,38.159
969,969,"Internal Medicine, Cardiovascular Disease",SONORA COMMUNITY HOSPITAL,63,103,32.408,38.159
970,970,"Internal Medicine, Cardiovascular Disease",SONORA COMMUNITY HOSPITAL,63,103,32.408,38.159
971,971,"Internal Medicine, Cardiovascular Disease",SONORA COMMUNITY HOSPITAL,63,103,32.408,38.159
972,972,"Internal Medicine, Cardiovascular Disease",SONORA COMMUNITY HOSPITAL,63,103,32.408,38.159
973,973,"Pathology, Dermapathology",SONORA COMMUNITY HOSPITAL,125,135,48.57,55.159
974,974,"Pathology, Dermapathology",SONORA COMMUNITY HOSPITAL,125,135,48.57,55.159
975,975,"Pathology, Dermapathology",SONORA COMMUNITY HOSPITAL,125,135,48.57,55.159
976,976,Internal Medicine,SONORA COMMUNITY HOSPITAL,36,60,0.15,1.162
977,977,Internal Medicine,SONORA COMMUNITY HOSPITAL,36,60,0.15,1.162
978,978,Internal Medicine,SONORA COMMUNITY HOSPITAL,36,60,0.15,1.162
979,979,Family Medicine,SONORA COMMUNITY HOSPITAL,33,55,33.527,46.415
980,980,Family Medicine,SONORA COMMUNITY HOSPITAL,33,55,33.527,46.415
981,981,Family Medicine,SONORA COMMUNITY HOSPITAL,33,55,33.527,46.415
982,982,Obstetrics & Gynecology,SONORA COMMUNITY HOSPITAL,88,208,0.938,13.520999999999999
983,983,Obstetrics & Gynecology,SONORA COMMUNITY HOSPITAL,88,208,0.938,13.520999999999999
984,984,Obstetrics & Gynecology,SONORA COMMUNITY HOSPITAL,88,208,0.938,13.520999999999999
985,985,Internal Medicine,SONORA COMMUNITY HOSPITAL,606,3897,0.217,3.8960000000000004
986,986,Internal Medicine,SONORA COMMUNITY HOSPITAL,606,3897,0.217,3.8960000000000004
987,987,Internal Medicine,SONORA COMMUNITY HOSPITAL,606,3897,0.217,3.8960000000000004
988,988,Orthopedic Surgery,SONORA COMMUNITY HOSPITAL,633,2143,0.12300000000000001,1.682
989,989,Orthopedic Surgery,SONORA COMMUNITY HOSPITAL,633,2143,0.12300000000000001,1.682
990,990,Orthopedic Surgery,SONORA COMMUNITY HOSPITAL,633,2143,0.12300000000000001,1.682
991,991,Orthopedic Surgery,SONORA COMMUNITY HOSPITAL,633,2143,0.12300000000000001,1.682
992,992,Orthopedic Surgery,SONORA COMMUNITY HOSPITAL,633,2143,0.12300000000000001,1.682
993,993,Orthopedic Surgery,SONORA COMMUNITY HOSPITAL,633,2143,0.12300000000000001,1.682
994,994,Emergency Medicine,SONORA COMMUNITY HOSPITAL,713,786,1.341,9.702
995,995,Emergency Medicine,SONORA COMMUNITY HOSPITAL,713,786,1.341,9.702
996,996,Emergency Medicine,SONORA COMMUNITY HOSPITAL,713,786,1.341,9.702
997,997,"Radiology, Radiation Oncology",SONORA COMMUNITY HOSPITAL,167,555,11.062999999999999,24.476
998,998,"Radiology, Radiation Oncology",SONORA COMMUNITY HOSPITAL,167,555,11.062999999999999,24.476
999,999,"Radiology, Radiation Oncology",SONORA COMMUNITY HOSPITAL,167,555,11.062999999999999,24.476
